id_str,ra,dec,z,anillos,dataset,ring_class,ring_class_0,ring_class_1,ring_class_2,ring_class_3,inner_ring,outer_ring,file_loc,file_rel,validation_status
manga-10001-1902,134.193923352,56.7867469988,0.0253909,4,manga,1,0.0,1.0,0.0,0.0,1,0,C:\Users\dark_\Downloads\Project_2 - Copy\Images\manga-10001-1902_0.fits,Images/manga-10001-1902_0.fits,ok
manga-10001-6103,134.008123053,57.3909643699,0.0406264,8,manga,2,0.0,0.0,1.0,0.0,0,1,C:\Users\dark_\Downloads\Project_2 - Copy\Images\manga-10001-6103_0.fits,Images/manga-10001-6103_0.fits,ok
manga-10213-12705,122.931168093,41.5549778649,0.0315479,4,manga,1,0.0,1.0,0.0,0.0,1,0,C:\Users\dark_\Downloads\Project_2 - Copy\Images\manga-10213-12705_0.fits,Images/manga-10213-12705_0.fits,ok
manga-10213-1901,124.082783686,43.4476368387,0.0241983,4,manga,1,0.0,1.0,0.0,0.0,1,0,C:\Users\dark_\Downloads\Project_2 - Copy\Images\manga-10213-1901_0.fits,Images/manga-10213-1901_0.fits,ok
manga-10213-6103,121.096386831,43.5825885672,0.0409014,4,manga,1,0.0,1.0,0.0,0.0,1,0,C:\Users\dark_\Downloads\Project_2 - Copy\Images\manga-10213-6103_0.fits,Images/manga-10213-6103_0.fits,ok
manga-10213-9101,122.363515778,43.9349178253,0.0229631,12,manga,3,0.0,0.0,0.0,1.0,1,1,C:\Users\dark_\Downloads\Project_2 - Copy\Images\manga-10213-9101_0.fits,Images/manga-10213-9101_0.fits,ok
manga-10214-12703,121.367176743,35.9466955876,0.033019,8,manga,2,0.0,0.0,1.0,0.0,0,1,C:\Users\dark_\Downloads\Project_2 - Copy\Images\manga-10214-12703_0.fits,Images/manga-10214-12703_0.fits,ok
manga-10214-1901,122.194114188,35.4369387111,0.0924488,4,manga,1,0.0,1.0,0.0,0.0,1,0,C:\Users\dark_\Downloads\Project_2 - Copy\Images\manga-10214-1901_0.fits,Images/manga-10214-1901_0.fits,ok
manga-10215-12704,123.448616143,37.0503815874,0.0306034,12,manga,3,0.0,0.0,0.0,1.0,1,1,C:\Users\dark_\Downloads\Project_2 - Copy\Images\manga-10215-12704_0.fits,Images/manga-10215-12704_0.fits,ok
manga-10215-1901,122.118199278,38.1518625278,0.0212176,4,manga,1,0.0,1.0,0.0,0.0,1,0,C:\Users\dark_\Downloads\Project_2 - Copy\Images\manga-10215-1901_0.fits,Images/manga-10215-1901_0.fits,ok
manga-10215-3702,121.370110164,37.557853221,0.0337287,4,manga,1,0.0,1.0,0.0,0.0,1,0,C:\Users\dark_\Downloads\Project_2 - Copy\Images\manga-10215-3702_0.fits,Images/manga-10215-3702_0.fits,ok
manga-10216-6102,116.730202777,18.482375517,0.0440461,4,manga,1,0.0,1.0,0.0,0.0,1,0,C:\Users\dark_\Downloads\Project_2 - Copy\Images\manga-10216-6102_0.fits,Images/manga-10216-6102_0.fits,ok
manga-10216-9102,116.446792381,18.312577531,0.0520187,4,manga,1,0.0,1.0,0.0,0.0,1,0,C:\Users\dark_\Downloads\Project_2 - Copy\Images\manga-10216-9102_0.fits,Images/manga-10216-9102_0.fits,ok
manga-10217-1901,119.06828621,15.2400782037,0.0291682,8,manga,2,0.0,0.0,1.0,0.0,0,1,C:\Users\dark_\Downloads\Project_2 - Copy\Images\manga-10217-1901_0.fits,Images/manga-10217-1901_0.fits,ok
manga-10217-3704,118.395673439,14.4733243477,0.0595888,4,manga,1,0.0,1.0,0.0,0.0,1,0,C:\Users\dark_\Downloads\Project_2 - Copy\Images\manga-10217-3704_0.fits,Images/manga-10217-3704_0.fits,ok
manga-10218-12705,118.61245,16.2148,0.01588,4,manga,1,0.0,1.0,0.0,0.0,1,0,C:\Users\dark_\Downloads\Project_2 - Copy\Images\manga-10218-12705_0.fits,Images/manga-10218-12705_0.fits,ok
manga-10218-3704,119.168808316,16.9201143063,0.0286968,4,manga,1,0.0,1.0,0.0,0.0,1,0,C:\Users\dark_\Downloads\Project_2 - Copy\Images\manga-10218-3704_0.fits,Images/manga-10218-3704_0.fits,ok
manga-10219-12704,124.83882348,21.90942806,0.0407711,4,manga,1,0.0,1.0,0.0,0.0,1,0,C:\Users\dark_\Downloads\Project_2 - Copy\Images\manga-10219-12704_0.fits,Images/manga-10219-12704_0.fits,ok
manga-10220-1901,120.805213561,33.132338795,0.0175908,8,manga,2,0.0,0.0,1.0,0.0,0,1,C:\Users\dark_\Downloads\Project_2 - Copy\Images\manga-10220-1901_0.fits,Images/manga-10220-1901_0.fits,ok
manga-10220-3702,120.436461244,31.8383638274,0.0698676,4,manga,1,0.0,1.0,0.0,0.0,1,0,C:\Users\dark_\Downloads\Project_2 - Copy\Images\manga-10220-3702_0.fits,Images/manga-10220-3702_0.fits,ok
manga-10221-6104,124.698297548,24.5374298193,0.024877,4,manga,1,0.0,1.0,0.0,0.0,1,0,C:\Users\dark_\Downloads\Project_2 - Copy\Images\manga-10221-6104_0.fits,Images/manga-10221-6104_0.fits,ok
manga-10222-12704,43.1620244157,-7.3159057948,0.070914,4,manga,1,0.0,1.0,0.0,0.0,1,0,C:\Users\dark_\Downloads\Project_2 - Copy\Images\manga-10222-12704_0.fits,Images/manga-10222-12704_0.fits,ok
manga-10222-6103,42.9848765783,-8.37704983026,0.061948,4,manga,1,0.0,1.0,0.0,0.0,1,0,C:\Users\dark_\Downloads\Project_2 - Copy\Images\manga-10222-6103_0.fits,Images/manga-10222-6103_0.fits,ok
manga-10223-3703,33.4762490468,0.448261788956,0.0248072,12,manga,3,0.0,0.0,0.0,1.0,1,1,C:\Users\dark_\Downloads\Project_2 - Copy\Images\manga-10223-3703_0.fits,Images/manga-10223-3703_0.fits,ok
manga-10224-3704,35.418845091,0.255233152292,0.0249796,8,manga,2,0.0,0.0,1.0,0.0,0,1,C:\Users\dark_\Downloads\Project_2 - Copy\Images\manga-10224-3704_0.fits,Images/manga-10224-3704_0.fits,ok
manga-10224-6101,34.8287929835,-0.820877062224,0.0263448,4,manga,1,0.0,1.0,0.0,0.0,1,0,C:\Users\dark_\Downloads\Project_2 - Copy\Images\manga-10224-6101_0.fits,Images/manga-10224-6101_0.fits,ok
manga-10225-3704,37.9683313637,-0.279840490138,0.04877,4,manga,1,0.0,1.0,0.0,0.0,1,0,C:\Users\dark_\Downloads\Project_2 - Copy\Images\manga-10225-3704_0.fits,Images/manga-10225-3704_0.fits,ok
manga-10226-12702,38.1001719357,-0.55207323206,0.0536409,12,manga,3,0.0,0.0,0.0,1.0,1,1,C:\Users\dark_\Downloads\Project_2 - Copy\Images\manga-10226-12702_0.fits,Images/manga-10226-12702_0.fits,ok
manga-10226-3704,37.779258815,-1.10518325836,0.0405964,4,manga,1,0.0,1.0,0.0,0.0,1,0,C:\Users\dark_\Downloads\Project_2 - Copy\Images\manga-10226-3704_0.fits,Images/manga-10226-3704_0.fits,ok
manga-10492-12701,123.338037496,57.852238539,0.0266673,4,manga,1,0.0,1.0,0.0,0.0,1,0,C:\Users\dark_\Downloads\Project_2 - Copy\Images\manga-10492-12701_0.fits,Images/manga-10492-12701_0.fits,ok
manga-10492-12705,125.453893616,56.2899230993,0.0303611,4,manga,1,0.0,1.0,0.0,0.0,1,0,C:\Users\dark_\Downloads\Project_2 - Copy\Images\manga-10492-12705_0.fits,Images/manga-10492-12705_0.fits,ok
manga-10492-1902,123.686548781,58.2798468272,0.0275005,12,manga,3,0.0,0.0,0.0,1.0,1,1,C:\Users\dark_\Downloads\Project_2 - Copy\Images\manga-10492-1902_0.fits,Images/manga-10492-1902_0.fits,ok
manga-10492-6104,122.985123942,56.9790067546,0.0271887,8,manga,2,0.0,0.0,1.0,0.0,0,1,C:\Users\dark_\Downloads\Project_2 - Copy\Images\manga-10492-6104_0.fits,Images/manga-10492-6104_0.fits,ok
manga-10492-9102,124.062110011,57.7093321492,0.02639,4,manga,1,0.0,1.0,0.0,0.0,1,0,C:\Users\dark_\Downloads\Project_2 - Copy\Images\manga-10492-9102_0.fits,Images/manga-10492-9102_0.fits,ok
manga-10493-6104,124.546178511,52.4524343005,0.138558,4,manga,1,0.0,1.0,0.0,0.0,1,0,C:\Users\dark_\Downloads\Project_2 - Copy\Images\manga-10493-6104_0.fits,Images/manga-10493-6104_0.fits,ok
manga-10494-3703,124.12820127,55.2976316461,0.0318774,8,manga,2,0.0,0.0,1.0,0.0,0,1,C:\Users\dark_\Downloads\Project_2 - Copy\Images\manga-10494-3703_0.fits,Images/manga-10494-3703_0.fits,ok
manga-10495-6101,124.681368815,47.0492168183,0.0520024,4,manga,1,0.0,1.0,0.0,0.0,1,0,C:\Users\dark_\Downloads\Project_2 - Copy\Images\manga-10495-6101_0.fits,Images/manga-10495-6101_0.fits,ok
manga-10495-9101,123.106993469,47.5425831348,0.053925,4,manga,1,0.0,1.0,0.0,0.0,1,0,C:\Users\dark_\Downloads\Project_2 - Copy\Images\manga-10495-9101_0.fits,Images/manga-10495-9101_0.fits,ok
manga-10496-1902,126.648895962,41.0849826648,0.0586414,8,manga,2,0.0,0.0,1.0,0.0,0,1,C:\Users\dark_\Downloads\Project_2 - Copy\Images\manga-10496-1902_0.fits,Images/manga-10496-1902_0.fits,ok
manga-10497-9102,122.516968896,17.2685486855,0.0440739,4,manga,1,0.0,1.0,0.0,0.0,1,0,C:\Users\dark_\Downloads\Project_2 - Copy\Images\manga-10497-9102_0.fits,Images/manga-10497-9102_0.fits,ok
manga-10498-3701,130.717401412,25.6426974315,0.0538089,8,manga,2,0.0,0.0,1.0,0.0,0,1,C:\Users\dark_\Downloads\Project_2 - Copy\Images\manga-10498-3701_0.fits,Images/manga-10498-3701_0.fits,ok
manga-10500-3703,136.638779932,31.1899702229,0.0490224,4,manga,1,0.0,1.0,0.0,0.0,1,0,C:\Users\dark_\Downloads\Project_2 - Copy\Images\manga-10500-3703_0.fits,Images/manga-10500-3703_0.fits,ok
manga-10502-6103,130.526005689,30.8200517243,0.0267448,4,manga,1,0.0,1.0,0.0,0.0,1,0,C:\Users\dark_\Downloads\Project_2 - Copy\Images\manga-10502-6103_0.fits,Images/manga-10502-6103_0.fits,ok
manga-10503-1902,159.715467649,5.67009532172,0.0283002,8,manga,2,0.0,0.0,1.0,0.0,0,1,C:\Users\dark_\Downloads\Project_2 - Copy\Images\manga-10503-1902_0.fits,Images/manga-10503-1902_0.fits,ok
manga-10506-6101,139.646760758,33.8680022735,0.0240251,4,manga,1,0.0,1.0,0.0,0.0,1,0,C:\Users\dark_\Downloads\Project_2 - Copy\Images\manga-10506-6101_0.fits,Images/manga-10506-6101_0.fits,ok
manga-10507-6101,174.588123583,47.4373649095,0.0334189,4,manga,1,0.0,1.0,0.0,0.0,1,0,C:\Users\dark_\Downloads\Project_2 - Copy\Images\manga-10507-6101_0.fits,Images/manga-10507-6101_0.fits,ok
manga-10507-6103,176.858100105,49.1384939324,0.0548352,4,manga,1,0.0,1.0,0.0,0.0,1,0,C:\Users\dark_\Downloads\Project_2 - Copy\Images\manga-10507-6103_0.fits,Images/manga-10507-6103_0.fits,ok
manga-10509-12703,168.545376088,48.318515932,0.0071216,4,manga,1,0.0,1.0,0.0,0.0,1,0,C:\Users\dark_\Downloads\Project_2 - Copy\Images\manga-10509-12703_0.fits,Images/manga-10509-12703_0.fits,ok
manga-10509-9101,168.532451815,47.8043091248,0.0674518,4,manga,1,0.0,1.0,0.0,0.0,1,0,C:\Users\dark_\Downloads\Project_2 - Copy\Images\manga-10509-9101_0.fits,Images/manga-10509-9101_0.fits,ok
manga-10510-12701,177.024570744,54.6462764388,0.0598734,4,manga,1,0.0,1.0,0.0,0.0,1,0,C:\Users\dark_\Downloads\Project_2 - Copy\Images\manga-10510-12701_0.fits,Images/manga-10510-12701_0.fits,ok
manga-10511-3704,131.827669591,2.76227753464,0.028474,8,manga,2,0.0,0.0,1.0,0.0,0,1,C:\Users\dark_\Downloads\Project_2 - Copy\Images\manga-10511-3704_0.fits,Images/manga-10511-3704_0.fits,ok
manga-10512-12702,136.015436579,3.58471960293,0.0266743,4,manga,1,0.0,1.0,0.0,0.0,1,0,C:\Users\dark_\Downloads\Project_2 - Copy\Images\manga-10512-12702_0.fits,Images/manga-10512-12702_0.fits,ok
manga-10513-3701,140.827895393,1.58311208801,0.0260271,4,manga,1,0.0,1.0,0.0,0.0,1,0,C:\Users\dark_\Downloads\Project_2 - Copy\Images\manga-10513-3701_0.fits,Images/manga-10513-3701_0.fits,ok
manga-10513-6102,141.583919955,0.457419463447,0.0552136,8,manga,2,0.0,0.0,1.0,0.0,0,1,C:\Users\dark_\Downloads\Project_2 - Copy\Images\manga-10513-6102_0.fits,Images/manga-10513-6102_0.fits,ok
manga-10514-1901,143.690715268,3.09643639786,0.0235589,8,manga,2,0.0,0.0,1.0,0.0,0,1,C:\Users\dark_\Downloads\Project_2 - Copy\Images\manga-10514-1901_0.fits,Images/manga-10514-1901_0.fits,ok
manga-10515-12702,148.002980984,4.15077036024,0.0306162,8,manga,2,0.0,0.0,1.0,0.0,0,1,C:\Users\dark_\Downloads\Project_2 - Copy\Images\manga-10515-12702_0.fits,Images/manga-10515-12702_0.fits,ok
manga-10515-3704,147.646179593,4.77311761979,0.0302519,8,manga,2,0.0,0.0,1.0,0.0,0,1,C:\Users\dark_\Downloads\Project_2 - Copy\Images\manga-10515-3704_0.fits,Images/manga-10515-3704_0.fits,ok
manga-10516-12701,150.529327393,3.05768609047,0.0233518,12,manga,3,0.0,0.0,0.0,1.0,1,1,C:\Users\dark_\Downloads\Project_2 - Copy\Images\manga-10516-12701_0.fits,Images/manga-10516-12701_0.fits,ok
manga-10518-9102,153.761128184,5.67693109095,0.0286522,4,manga,1,0.0,1.0,0.0,0.0,1,0,C:\Users\dark_\Downloads\Project_2 - Copy\Images\manga-10518-9102_0.fits,Images/manga-10518-9102_0.fits,ok
manga-10519-6102,154.823301033,4.763065705,0.0459552,4,manga,1,0.0,1.0,0.0,0.0,1,0,C:\Users\dark_\Downloads\Project_2 - Copy\Images\manga-10519-6102_0.fits,Images/manga-10519-6102_0.fits,ok
manga-10520-12702,156.266309583,5.07132886241,0.124944,4,manga,1,0.0,1.0,0.0,0.0,1,0,C:\Users\dark_\Downloads\Project_2 - Copy\Images\manga-10520-12702_0.fits,Images/manga-10520-12702_0.fits,ok
manga-10520-1902,157.208174735,4.96056352815,0.0229437,8,manga,2,0.0,0.0,1.0,0.0,0,1,C:\Users\dark_\Downloads\Project_2 - Copy\Images\manga-10520-1902_0.fits,Images/manga-10520-1902_0.fits,ok
manga-10839-12702,132.506703434,0.225763019316,0.05132873,12,manga,3,0.0,0.0,0.0,1.0,1,1,C:\Users\dark_\Downloads\Project_2 - Copy\Images\manga-10839-12702_0.fits,Images/manga-10839-12702_0.fits,ok
manga-10839-12705,132.679525546,1.35070562856,0.042605363,4,manga,1,0.0,1.0,0.0,0.0,1,0,C:\Users\dark_\Downloads\Project_2 - Copy\Images\manga-10839-12705_0.fits,Images/manga-10839-12705_0.fits,ok
manga-10840-12705,134.335451059,2.92133826593,0.012992108,4,manga,1,0.0,1.0,0.0,0.0,1,0,C:\Users\dark_\Downloads\Project_2 - Copy\Images\manga-10840-12705_0.fits,Images/manga-10840-12705_0.fits,ok
manga-10842-3703,141.06409,5.94114,0.034794126,4,manga,1,0.0,1.0,0.0,0.0,1,0,C:\Users\dark_\Downloads\Project_2 - Copy\Images\manga-10842-3703_0.fits,Images/manga-10842-3703_0.fits,ok
manga-10842-6103,140.270627533,6.19564114315,0.05400469,4,manga,1,0.0,1.0,0.0,0.0,1,0,C:\Users\dark_\Downloads\Project_2 - Copy\Images\manga-10842-6103_0.fits,Images/manga-10842-6103_0.fits,ok
manga-10843-1902,149.88145083,-0.256509657052,0.046468403,4,manga,1,0.0,1.0,0.0,0.0,1,0,C:\Users\dark_\Downloads\Project_2 - Copy\Images\manga-10843-1902_0.fits,Images/manga-10843-1902_0.fits,ok
manga-10845-9102,149.78242985,2.70369560508,0.07916285,4,manga,1,0.0,1.0,0.0,0.0,1,0,C:\Users\dark_\Downloads\Project_2 - Copy\Images\manga-10845-9102_0.fits,Images/manga-10845-9102_0.fits,ok
manga-11004-12704,197.05877422,27.5158507658,0.024439191,4,manga,1,0.0,1.0,0.0,0.0,1,0,C:\Users\dark_\Downloads\Project_2 - Copy\Images\manga-11004-12704_0.fits,Images/manga-11004-12704_0.fits,ok
manga-11004-3704,198.260390445,25.953825952,0.024261326,4,manga,1,0.0,1.0,0.0,0.0,1,0,C:\Users\dark_\Downloads\Project_2 - Copy\Images\manga-11004-3704_0.fits,Images/manga-11004-3704_0.fits,ok
manga-11004-6104,198.247802298,27.1415252303,0.022892538,4,manga,1,0.0,1.0,0.0,0.0,1,0,C:\Users\dark_\Downloads\Project_2 - Copy\Images\manga-11004-6104_0.fits,Images/manga-11004-6104_0.fits,ok
manga-11006-6102,194.402261608,27.0313661613,0.024525953,8,manga,2,0.0,0.0,1.0,0.0,0,1,C:\Users\dark_\Downloads\Project_2 - Copy\Images\manga-11006-6102_0.fits,Images/manga-11006-6102_0.fits,ok
manga-11009-12703,195.774732754,26.5311162021,0.019131178,8,manga,2,0.0,0.0,1.0,0.0,0,1,C:\Users\dark_\Downloads\Project_2 - Copy\Images\manga-11009-12703_0.fits,Images/manga-11009-12703_0.fits,ok
manga-11009-9101,194.634432576,26.2436602387,0.0690678,4,manga,1,0.0,1.0,0.0,0.0,1,0,C:\Users\dark_\Downloads\Project_2 - Copy\Images\manga-11009-9101_0.fits,Images/manga-11009-9101_0.fits,ok
manga-11009-9102,194.844636044,26.0262160233,0.020223344,4,manga,1,0.0,1.0,0.0,0.0,1,0,C:\Users\dark_\Downloads\Project_2 - Copy\Images\manga-11009-9102_0.fits,Images/manga-11009-9102_0.fits,ok
manga-11010-3702,196.494606857,25.46570176,0.021773018,4,manga,1,0.0,1.0,0.0,0.0,1,0,C:\Users\dark_\Downloads\Project_2 - Copy\Images\manga-11010-3702_0.fits,Images/manga-11010-3702_0.fits,ok
manga-11010-6101,198.222943565,23.6346297839,0.023296947,4,manga,1,0.0,1.0,0.0,0.0,1,0,C:\Users\dark_\Downloads\Project_2 - Copy\Images\manga-11010-6101_0.fits,Images/manga-11010-6101_0.fits,ok
manga-11010-6102,197.77093693,24.667687778,0.07210308,12,manga,3,0.0,0.0,0.0,1.0,1,1,C:\Users\dark_\Downloads\Project_2 - Copy\Images\manga-11010-6102_0.fits,Images/manga-11010-6102_0.fits,ok
manga-11011-1902,218.718594451,48.6618906608,0.03664102,12,manga,3,0.0,0.0,0.0,1.0,1,1,C:\Users\dark_\Downloads\Project_2 - Copy\Images\manga-11011-1902_0.fits,Images/manga-11011-1902_0.fits,ok
manga-11012-12704,212.003281973,55.7294018674,0.07548623,8,manga,2,0.0,0.0,1.0,0.0,0,1,C:\Users\dark_\Downloads\Project_2 - Copy\Images\manga-11012-12704_0.fits,Images/manga-11012-12704_0.fits,ok
manga-11014-12705,194.476509547,27.490641798,0.016611086,4,manga,1,0.0,1.0,0.0,0.0,1,0,C:\Users\dark_\Downloads\Project_2 - Copy\Images\manga-11014-12705_0.fits,Images/manga-11014-12705_0.fits,ok
manga-11014-6104,194.77510377,27.9967050471,0.025574807,4,manga,1,0.0,1.0,0.0,0.0,1,0,C:\Users\dark_\Downloads\Project_2 - Copy\Images\manga-11014-6104_0.fits,Images/manga-11014-6104_0.fits,ok
manga-11016-12702,210.605734525,51.2086285412,0.070666485,4,manga,1,0.0,1.0,0.0,0.0,1,0,C:\Users\dark_\Downloads\Project_2 - Copy\Images\manga-11016-12702_0.fits,Images/manga-11016-12702_0.fits,ok
manga-11017-12704,202.485377395,50.8838631272,0.025398761,4,manga,1,0.0,1.0,0.0,0.0,1,0,C:\Users\dark_\Downloads\Project_2 - Copy\Images\manga-11017-12704_0.fits,Images/manga-11017-12704_0.fits,ok
manga-11018-12702,195.657161791,50.4384293765,0.023645166,4,manga,1,0.0,1.0,0.0,0.0,1,0,C:\Users\dark_\Downloads\Project_2 - Copy\Images\manga-11018-12702_0.fits,Images/manga-11018-12702_0.fits,ok
manga-11019-3703,195.258919229,52.1892428859,0.054715317,8,manga,2,0.0,0.0,1.0,0.0,0,1,C:\Users\dark_\Downloads\Project_2 - Copy\Images\manga-11019-3703_0.fits,Images/manga-11019-3703_0.fits,ok
manga-11020-3701,203.76808902,53.8733871028,0.06645045,4,manga,1,0.0,1.0,0.0,0.0,1,0,C:\Users\dark_\Downloads\Project_2 - Copy\Images\manga-11020-3701_0.fits,Images/manga-11020-3701_0.fits,ok
manga-11021-1901,198.693806501,54.0873833851,0.03315796,8,manga,2,0.0,0.0,1.0,0.0,0,1,C:\Users\dark_\Downloads\Project_2 - Copy\Images\manga-11021-1901_0.fits,Images/manga-11021-1901_0.fits,ok
manga-11021-3703,199.816264263,54.6017393989,0.032374963,4,manga,1,0.0,1.0,0.0,0.0,1,0,C:\Users\dark_\Downloads\Project_2 - Copy\Images\manga-11021-3703_0.fits,Images/manga-11021-3703_0.fits,ok
manga-11021-3704,198.370492368,53.6461514306,0.06253175,8,manga,2,0.0,0.0,1.0,0.0,0,1,C:\Users\dark_\Downloads\Project_2 - Copy\Images\manga-11021-3704_0.fits,Images/manga-11021-3704_0.fits,ok
manga-11021-9101,198.312401552,53.2053336786,0.02993399,12,manga,3,0.0,0.0,0.0,1.0,1,1,C:\Users\dark_\Downloads\Project_2 - Copy\Images\manga-11021-9101_0.fits,Images/manga-11021-9101_0.fits,ok
manga-11024-6104,202.632185668,-0.734217754,0.10275681,4,manga,1,0.0,1.0,0.0,0.0,1,0,C:\Users\dark_\Downloads\Project_2 - Copy\Images\manga-11024-6104_0.fits,Images/manga-11024-6104_0.fits,ok
manga-11025-1902,259.0999,57.42267,0.029304264,12,manga,3,0.0,0.0,0.0,1.0,1,1,C:\Users\dark_\Downloads\Project_2 - Copy\Images\manga-11025-1902_0.fits,Images/manga-11025-1902_0.fits,ok
manga-11742-3704,125.57832,38.26645,0.05170633,8,manga,2,0.0,0.0,1.0,0.0,0,1,C:\Users\dark_\Downloads\Project_2 - Copy\Images\manga-11742-3704_0.fits,Images/manga-11742-3704_0.fits,ok
manga-11743-12703,118.177788467,14.8406894758,0.047622,4,manga,1,0.0,1.0,0.0,0.0,1,0,C:\Users\dark_\Downloads\Project_2 - Copy\Images\manga-11743-12703_0.fits,Images/manga-11743-12703_0.fits,ok
manga-11743-12704,118.731917828,14.7167640843,0.04911255,4,manga,1,0.0,1.0,0.0,0.0,1,0,C:\Users\dark_\Downloads\Project_2 - Copy\Images\manga-11743-12704_0.fits,Images/manga-11743-12704_0.fits,ok
manga-11743-6102,118.414213708,13.4338957778,0.04784975,12,manga,3,0.0,0.0,0.0,1.0,1,1,C:\Users\dark_\Downloads\Project_2 - Copy\Images\manga-11743-6102_0.fits,Images/manga-11743-6102_0.fits,ok
manga-11744-12705,122.217871845,14.8625909491,0.0843183,4,manga,1,0.0,1.0,0.0,0.0,1,0,C:\Users\dark_\Downloads\Project_2 - Copy\Images\manga-11744-12705_0.fits,Images/manga-11744-12705_0.fits,ok
manga-11744-1902,120.24858,15.62469,0.015024235,4,manga,1,0.0,1.0,0.0,0.0,1,0,C:\Users\dark_\Downloads\Project_2 - Copy\Images\manga-11744-1902_0.fits,Images/manga-11744-1902_0.fits,ok
manga-11744-6103,121.176291463,15.7757325894,0.029283516,4,manga,1,0.0,1.0,0.0,0.0,1,0,C:\Users\dark_\Downloads\Project_2 - Copy\Images\manga-11744-6103_0.fits,Images/manga-11744-6103_0.fits,ok
manga-11744-9101,120.418077307,15.6447504583,0.01655241,4,manga,1,0.0,1.0,0.0,0.0,1,0,C:\Users\dark_\Downloads\Project_2 - Copy\Images\manga-11744-9101_0.fits,Images/manga-11744-9101_0.fits,ok
manga-11746-12701,127.29216,30.38484,0.05346802,4,manga,1,0.0,1.0,0.0,0.0,1,0,C:\Users\dark_\Downloads\Project_2 - Copy\Images\manga-11746-12701_0.fits,Images/manga-11746-12701_0.fits,ok
manga-11746-12703,128.78634008,29.7092884241,0.04808478,4,manga,1,0.0,1.0,0.0,0.0,1,0,C:\Users\dark_\Downloads\Project_2 - Copy\Images\manga-11746-12703_0.fits,Images/manga-11746-12703_0.fits,ok
manga-11748-3704,139.065227732,30.8240252853,0.022722792,4,manga,1,0.0,1.0,0.0,0.0,1,0,C:\Users\dark_\Downloads\Project_2 - Copy\Images\manga-11748-3704_0.fits,Images/manga-11748-3704_0.fits,ok
manga-11749-12701,138.31816,31.35845,0.04165306,4,manga,1,0.0,1.0,0.0,0.0,1,0,C:\Users\dark_\Downloads\Project_2 - Copy\Images\manga-11749-12701_0.fits,Images/manga-11749-12701_0.fits,ok
manga-11749-12703,139.97680569,33.1072866569,0.024551582,4,manga,1,0.0,1.0,0.0,0.0,1,0,C:\Users\dark_\Downloads\Project_2 - Copy\Images\manga-11749-12703_0.fits,Images/manga-11749-12703_0.fits,ok
manga-11749-3703,139.668688334,31.4567266319,0.04822973,8,manga,2,0.0,0.0,1.0,0.0,0,1,C:\Users\dark_\Downloads\Project_2 - Copy\Images\manga-11749-3703_0.fits,Images/manga-11749-3703_0.fits,ok
manga-11749-6101,139.598141087,30.5431759706,0.06262461,4,manga,1,0.0,1.0,0.0,0.0,1,0,C:\Users\dark_\Downloads\Project_2 - Copy\Images\manga-11749-6101_0.fits,Images/manga-11749-6101_0.fits,ok
manga-11750-3701,188.693692412,39.5882687358,0.02025338,8,manga,2,0.0,0.0,1.0,0.0,0,1,C:\Users\dark_\Downloads\Project_2 - Copy\Images\manga-11750-3701_0.fits,Images/manga-11750-3701_0.fits,ok
manga-11751-6102,146.633472458,35.3303421673,0.04276917,8,manga,2,0.0,0.0,1.0,0.0,0,1,C:\Users\dark_\Downloads\Project_2 - Copy\Images\manga-11751-6102_0.fits,Images/manga-11751-6102_0.fits,ok
manga-11752-3703,144.025617854,1.46074122874,0.0459177,4,manga,1,0.0,1.0,0.0,0.0,1,0,C:\Users\dark_\Downloads\Project_2 - Copy\Images\manga-11752-3703_0.fits,Images/manga-11752-3703_0.fits,ok
manga-11754-12705,132.167564387,1.03879869312,0.028757913,4,manga,1,0.0,1.0,0.0,0.0,1,0,C:\Users\dark_\Downloads\Project_2 - Copy\Images\manga-11754-12705_0.fits,Images/manga-11754-12705_0.fits,ok
manga-11755-1901,187.267983189,43.9795718195,0.02371813,8,manga,2,0.0,0.0,1.0,0.0,0,1,C:\Users\dark_\Downloads\Project_2 - Copy\Images\manga-11755-1901_0.fits,Images/manga-11755-1901_0.fits,ok
manga-11755-1902,185.983169018,42.2934598373,0.052295532,4,manga,1,0.0,1.0,0.0,0.0,1,0,C:\Users\dark_\Downloads\Project_2 - Copy\Images\manga-11755-1902_0.fits,Images/manga-11755-1902_0.fits,ok
manga-11757-12703,248.560330372,26.5703229982,0.06592205,4,manga,1,0.0,1.0,0.0,0.0,1,0,C:\Users\dark_\Downloads\Project_2 - Copy\Images\manga-11757-12703_0.fits,Images/manga-11757-12703_0.fits,ok
manga-11757-6103,248.85382038,26.6093757616,0.05775085,8,manga,2,0.0,0.0,1.0,0.0,0,1,C:\Users\dark_\Downloads\Project_2 - Copy\Images\manga-11757-6103_0.fits,Images/manga-11757-6103_0.fits,ok
manga-11757-9101,249.090414766,26.5070025857,0.04396715,8,manga,2,0.0,0.0,1.0,0.0,0,1,C:\Users\dark_\Downloads\Project_2 - Copy\Images\manga-11757-9101_0.fits,Images/manga-11757-9101_0.fits,ok
manga-11758-3701,200.971919902,51.4352347109,0.025322892,4,manga,1,0.0,1.0,0.0,0.0,1,0,C:\Users\dark_\Downloads\Project_2 - Copy\Images\manga-11758-3701_0.fits,Images/manga-11758-3701_0.fits,ok
manga-11759-12701,145.258629726,1.2915435748,0.14797664,4,manga,1,0.0,1.0,0.0,0.0,1,0,C:\Users\dark_\Downloads\Project_2 - Copy\Images\manga-11759-12701_0.fits,Images/manga-11759-12701_0.fits,ok
manga-11759-12704,146.108151317,1.42935321693,0.121581994,4,manga,1,0.0,1.0,0.0,0.0,1,0,C:\Users\dark_\Downloads\Project_2 - Copy\Images\manga-11759-12704_0.fits,Images/manga-11759-12704_0.fits,ok
manga-11760-1901,192.276418404,50.3358917263,0.02007114,8,manga,2,0.0,0.0,1.0,0.0,0,1,C:\Users\dark_\Downloads\Project_2 - Copy\Images\manga-11760-1901_0.fits,Images/manga-11760-1901_0.fits,ok
manga-11760-9101,192.415730751,49.4471149972,0.038748458,8,manga,2,0.0,0.0,1.0,0.0,0,1,C:\Users\dark_\Downloads\Project_2 - Copy\Images\manga-11760-9101_0.fits,Images/manga-11760-9101_0.fits,ok
manga-11824-9101,222.977407327,5.32618251026,0.028118216,4,manga,1,0.0,1.0,0.0,0.0,1,0,C:\Users\dark_\Downloads\Project_2 - Copy\Images\manga-11824-9101_0.fits,Images/manga-11824-9101_0.fits,ok
manga-11827-1902,214.930148646,49.2366458158,0.02552837,4,manga,1,0.0,1.0,0.0,0.0,1,0,C:\Users\dark_\Downloads\Project_2 - Copy\Images\manga-11827-1902_0.fits,Images/manga-11827-1902_0.fits,ok
manga-11828-1902,163.257885827,3.68027221803,0.051582042,4,manga,1,0.0,1.0,0.0,0.0,1,0,C:\Users\dark_\Downloads\Project_2 - Copy\Images\manga-11828-1902_0.fits,Images/manga-11828-1902_0.fits,ok
manga-11830-6103,198.608693632,50.9791687626,0.02970885,12,manga,3,0.0,0.0,0.0,1.0,1,1,C:\Users\dark_\Downloads\Project_2 - Copy\Images\manga-11830-6103_0.fits,Images/manga-11830-6103_0.fits,ok
manga-11831-12701,194.10533937,52.2958868332,0.037519723,8,manga,2,0.0,0.0,1.0,0.0,0,1,C:\Users\dark_\Downloads\Project_2 - Copy\Images\manga-11831-12701_0.fits,Images/manga-11831-12701_0.fits,ok
manga-11831-12702,195.668427838,51.7789409671,0.053932015,4,manga,1,0.0,1.0,0.0,0.0,1,0,C:\Users\dark_\Downloads\Project_2 - Copy\Images\manga-11831-12702_0.fits,Images/manga-11831-12702_0.fits,ok
manga-11831-12703,194.6599229,53.4100047118,0.029384013,4,manga,1,0.0,1.0,0.0,0.0,1,0,C:\Users\dark_\Downloads\Project_2 - Copy\Images\manga-11831-12703_0.fits,Images/manga-11831-12703_0.fits,ok
manga-11831-3704,196.545558809,52.110895055,0.025954017,4,manga,1,0.0,1.0,0.0,0.0,1,0,C:\Users\dark_\Downloads\Project_2 - Copy\Images\manga-11831-3704_0.fits,Images/manga-11831-3704_0.fits,ok
manga-11831-6101,195.23277669,50.8673394378,0.04569107,4,manga,1,0.0,1.0,0.0,0.0,1,0,C:\Users\dark_\Downloads\Project_2 - Copy\Images\manga-11831-6101_0.fits,Images/manga-11831-6101_0.fits,ok
manga-11832-9101,187.741762957,51.3441438592,0.04405376,8,manga,2,0.0,0.0,1.0,0.0,0,1,C:\Users\dark_\Downloads\Project_2 - Copy\Images\manga-11832-9101_0.fits,Images/manga-11832-9101_0.fits,ok
manga-11833-1901,185.746699549,51.2115707009,0.03049273,4,manga,1,0.0,1.0,0.0,0.0,1,0,C:\Users\dark_\Downloads\Project_2 - Copy\Images\manga-11833-1901_0.fits,Images/manga-11833-1901_0.fits,ok
manga-11833-1902,185.305949115,49.4748516825,0.045446344,8,manga,2,0.0,0.0,1.0,0.0,0,1,C:\Users\dark_\Downloads\Project_2 - Copy\Images\manga-11833-1902_0.fits,Images/manga-11833-1902_0.fits,ok
manga-11834-9101,223.045983798,-0.256094906365,0.04321273,4,manga,1,0.0,1.0,0.0,0.0,1,0,C:\Users\dark_\Downloads\Project_2 - Copy\Images\manga-11834-9101_0.fits,Images/manga-11834-9101_0.fits,ok
manga-11835-3702,220.275600667,3.66113131831,0.026315406,4,manga,1,0.0,1.0,0.0,0.0,1,0,C:\Users\dark_\Downloads\Project_2 - Copy\Images\manga-11835-3702_0.fits,Images/manga-11835-3702_0.fits,ok
manga-11835-6102,219.008411091,2.85162512881,0.028771218,8,manga,2,0.0,0.0,1.0,0.0,0,1,C:\Users\dark_\Downloads\Project_2 - Copy\Images\manga-11835-6102_0.fits,Images/manga-11835-6102_0.fits,ok
manga-11863-12702,191.092126733,56.0178958509,0.06381186,8,manga,2,0.0,0.0,1.0,0.0,0,1,C:\Users\dark_\Downloads\Project_2 - Copy\Images\manga-11863-12702_0.fits,Images/manga-11863-12702_0.fits,ok
manga-11863-12704,193.877376645,55.210714099,0.032077964,4,manga,1,0.0,1.0,0.0,0.0,1,0,C:\Users\dark_\Downloads\Project_2 - Copy\Images\manga-11863-12704_0.fits,Images/manga-11863-12704_0.fits,ok
manga-11863-12705,192.243297651,55.0355148006,0.08264355,4,manga,1,0.0,1.0,0.0,0.0,1,0,C:\Users\dark_\Downloads\Project_2 - Copy\Images\manga-11863-12705_0.fits,Images/manga-11863-12705_0.fits,ok
manga-11865-12701,156.388927588,2.31769645391,0.06360092,4,manga,1,0.0,1.0,0.0,0.0,1,0,C:\Users\dark_\Downloads\Project_2 - Copy\Images\manga-11865-12701_0.fits,Images/manga-11865-12701_0.fits,ok
manga-11865-12704,156.781562867,1.49292097126,0.03275921,4,manga,1,0.0,1.0,0.0,0.0,1,0,C:\Users\dark_\Downloads\Project_2 - Copy\Images\manga-11865-12704_0.fits,Images/manga-11865-12704_0.fits,ok
manga-11865-6101,156.783920214,0.965639216093,0.034438338,4,manga,1,0.0,1.0,0.0,0.0,1,0,C:\Users\dark_\Downloads\Project_2 - Copy\Images\manga-11865-6101_0.fits,Images/manga-11865-6101_0.fits,ok
manga-11866-3702,149.205823259,1.12050728919,0.04704995,8,manga,2,0.0,0.0,1.0,0.0,0,1,C:\Users\dark_\Downloads\Project_2 - Copy\Images\manga-11866-3702_0.fits,Images/manga-11866-3702_0.fits,ok
manga-11868-12703,248.737058299,25.692594856,0.043585423,4,manga,1,0.0,1.0,0.0,0.0,1,0,C:\Users\dark_\Downloads\Project_2 - Copy\Images\manga-11868-12703_0.fits,Images/manga-11868-12703_0.fits,ok
manga-11868-6102,249.514139199,25.3027493499,0.036565352,8,manga,2,0.0,0.0,1.0,0.0,0,1,C:\Users\dark_\Downloads\Project_2 - Copy\Images\manga-11868-6102_0.fits,Images/manga-11868-6102_0.fits,ok
manga-11871-12702,193.00153167,26.1591577126,0.020590598,4,manga,1,0.0,1.0,0.0,0.0,1,0,C:\Users\dark_\Downloads\Project_2 - Copy\Images\manga-11871-12702_0.fits,Images/manga-11871-12702_0.fits,ok
manga-11871-12703,194.556542486,26.426853598,0.069039315,4,manga,1,0.0,1.0,0.0,0.0,1,0,C:\Users\dark_\Downloads\Project_2 - Copy\Images\manga-11871-12703_0.fits,Images/manga-11871-12703_0.fits,ok
manga-11872-12702,177.528404347,53.4198357093,0.060298257,4,manga,1,0.0,1.0,0.0,0.0,1,0,C:\Users\dark_\Downloads\Project_2 - Copy\Images\manga-11872-12702_0.fits,Images/manga-11872-12702_0.fits,ok
manga-11872-6102,179.222946046,52.5471547263,0.051022295,8,manga,2,0.0,0.0,1.0,0.0,0,1,C:\Users\dark_\Downloads\Project_2 - Copy\Images\manga-11872-6102_0.fits,Images/manga-11872-6102_0.fits,ok
manga-11872-9102,181.788472261,53.6714800591,0.058925904,4,manga,1,0.0,1.0,0.0,0.0,1,0,C:\Users\dark_\Downloads\Project_2 - Copy\Images\manga-11872-9102_0.fits,Images/manga-11872-9102_0.fits,ok
manga-11939-3701,193.753489134,27.4833809056,0.023214879,4,manga,1,0.0,1.0,0.0,0.0,1,0,C:\Users\dark_\Downloads\Project_2 - Copy\Images\manga-11939-3701_0.fits,Images/manga-11939-3701_0.fits,ok
manga-11939-6103,194.294817823,27.4049167636,0.020677704,12,manga,3,0.0,0.0,0.0,1.0,1,1,C:\Users\dark_\Downloads\Project_2 - Copy\Images\manga-11939-6103_0.fits,Images/manga-11939-6103_0.fits,ok
manga-11940-12701,247.66197183,35.0564096875,0.030959638,4,manga,1,0.0,1.0,0.0,0.0,1,0,C:\Users\dark_\Downloads\Project_2 - Copy\Images\manga-11940-12701_0.fits,Images/manga-11940-12701_0.fits,ok
manga-11941-12702,247.104082954,41.1684537291,0.03299246,4,manga,1,0.0,1.0,0.0,0.0,1,0,C:\Users\dark_\Downloads\Project_2 - Copy\Images\manga-11941-12702_0.fits,Images/manga-11941-12702_0.fits,ok
manga-11941-12704,247.611868226,41.4839513341,0.029864235,4,manga,1,0.0,1.0,0.0,0.0,1,0,C:\Users\dark_\Downloads\Project_2 - Copy\Images\manga-11941-12704_0.fits,Images/manga-11941-12704_0.fits,ok
manga-11941-3703,247.073512364,40.9670086222,0.029082488,8,manga,2,0.0,0.0,1.0,0.0,0,1,C:\Users\dark_\Downloads\Project_2 - Copy\Images\manga-11941-3703_0.fits,Images/manga-11941-3703_0.fits,ok
manga-11941-6103,247.089894816,40.9067946391,0.03369584,4,manga,1,0.0,1.0,0.0,0.0,1,0,C:\Users\dark_\Downloads\Project_2 - Copy\Images\manga-11941-6103_0.fits,Images/manga-11941-6103_0.fits,ok
manga-11944-12701,241.892588201,36.484048963,0.029826827,4,manga,1,0.0,1.0,0.0,0.0,1,0,C:\Users\dark_\Downloads\Project_2 - Copy\Images\manga-11944-12701_0.fits,Images/manga-11944-12701_0.fits,ok
manga-11944-12704,243.256777222,37.2874747153,0.06949385,4,manga,1,0.0,1.0,0.0,0.0,1,0,C:\Users\dark_\Downloads\Project_2 - Copy\Images\manga-11944-12704_0.fits,Images/manga-11944-12704_0.fits,ok
manga-11945-3702,252.817384664,39.8523265147,0.03380102,4,manga,1,0.0,1.0,0.0,0.0,1,0,C:\Users\dark_\Downloads\Project_2 - Copy\Images\manga-11945-3702_0.fits,Images/manga-11945-3702_0.fits,ok
manga-11945-6104,254.361475678,40.7356215346,0.028986778,8,manga,2,0.0,0.0,1.0,0.0,0,1,C:\Users\dark_\Downloads\Project_2 - Copy\Images\manga-11945-6104_0.fits,Images/manga-11945-6104_0.fits,ok
manga-11946-6102,250.026945635,37.191323344,0.03031738,4,manga,1,0.0,1.0,0.0,0.0,1,0,C:\Users\dark_\Downloads\Project_2 - Copy\Images\manga-11946-6102_0.fits,Images/manga-11946-6102_0.fits,ok
manga-11947-12704,252.289915947,36.2238377918,0.030973217,4,manga,1,0.0,1.0,0.0,0.0,1,0,C:\Users\dark_\Downloads\Project_2 - Copy\Images\manga-11947-12704_0.fits,Images/manga-11947-12704_0.fits,ok
manga-11948-12703,250.094563226,33.679745815,0.030861193,4,manga,1,0.0,1.0,0.0,0.0,1,0,C:\Users\dark_\Downloads\Project_2 - Copy\Images\manga-11948-12703_0.fits,Images/manga-11948-12703_0.fits,ok
manga-11948-1902,251.417369457,32.0912623718,0.037738986,4,manga,1,0.0,1.0,0.0,0.0,1,0,C:\Users\dark_\Downloads\Project_2 - Copy\Images\manga-11948-1902_0.fits,Images/manga-11948-1902_0.fits,ok
manga-11949-3701,251.222868491,34.1754945172,0.12302918,4,manga,1,0.0,1.0,0.0,0.0,1,0,C:\Users\dark_\Downloads\Project_2 - Copy\Images\manga-11949-3701_0.fits,Images/manga-11949-3701_0.fits,ok
manga-11950-6101,252.130886432,29.2474689784,0.035758667,4,manga,1,0.0,1.0,0.0,0.0,1,0,C:\Users\dark_\Downloads\Project_2 - Copy\Images\manga-11950-6101_0.fits,Images/manga-11950-6101_0.fits,ok
manga-11951-12702,252.109776971,31.9263427619,0.05430162,4,manga,1,0.0,1.0,0.0,0.0,1,0,C:\Users\dark_\Downloads\Project_2 - Copy\Images\manga-11951-12702_0.fits,Images/manga-11951-12702_0.fits,ok
manga-11952-12703,254.450686503,27.4168481018,0.033823796,8,manga,2,0.0,0.0,1.0,0.0,0,1,C:\Users\dark_\Downloads\Project_2 - Copy\Images\manga-11952-12703_0.fits,Images/manga-11952-12703_0.fits,ok
manga-11953-6104,191.217733524,42.4221950462,0.053630747,4,manga,1,0.0,1.0,0.0,0.0,1,0,C:\Users\dark_\Downloads\Project_2 - Copy\Images\manga-11953-6104_0.fits,Images/manga-11953-6104_0.fits,ok
manga-11955-12703,195.321303378,53.8608374746,0.029873945,4,manga,1,0.0,1.0,0.0,0.0,1,0,C:\Users\dark_\Downloads\Project_2 - Copy\Images\manga-11955-12703_0.fits,Images/manga-11955-12703_0.fits,ok
manga-11956-6103,187.17995213,53.3576933919,0.03658396,4,manga,1,0.0,1.0,0.0,0.0,1,0,C:\Users\dark_\Downloads\Project_2 - Copy\Images\manga-11956-6103_0.fits,Images/manga-11956-6103_0.fits,ok
manga-11957-3704,186.780073597,51.8871267424,0.030194642,4,manga,1,0.0,1.0,0.0,0.0,1,0,C:\Users\dark_\Downloads\Project_2 - Copy\Images\manga-11957-3704_0.fits,Images/manga-11957-3704_0.fits,ok
manga-11958-12702,206.990485595,3.4496278902,0.023361888,8,manga,2,0.0,0.0,1.0,0.0,0,1,C:\Users\dark_\Downloads\Project_2 - Copy\Images\manga-11958-12702_0.fits,Images/manga-11958-12702_0.fits,ok
manga-11960-12704,236.141095932,10.2931523872,0.035258528,4,manga,1,0.0,1.0,0.0,0.0,1,0,C:\Users\dark_\Downloads\Project_2 - Copy\Images\manga-11960-12704_0.fits,Images/manga-11960-12704_0.fits,ok
manga-11960-12705,236.659864322,8.47482951954,0.07018157,4,manga,1,0.0,1.0,0.0,0.0,1,0,C:\Users\dark_\Downloads\Project_2 - Copy\Images\manga-11960-12705_0.fits,Images/manga-11960-12705_0.fits,ok
manga-11960-6103,236.859597491,10.2827048305,0.03496376,8,manga,2,0.0,0.0,1.0,0.0,0,1,C:\Users\dark_\Downloads\Project_2 - Copy\Images\manga-11960-6103_0.fits,Images/manga-11960-6103_0.fits,ok
manga-11963-1902,233.015949638,9.44962232408,0.033191483,4,manga,1,0.0,1.0,0.0,0.0,1,0,C:\Users\dark_\Downloads\Project_2 - Copy\Images\manga-11963-1902_0.fits,Images/manga-11963-1902_0.fits,ok
manga-11963-6101,233.40266786,7.91227283422,0.04277354,4,manga,1,0.0,1.0,0.0,0.0,1,0,C:\Users\dark_\Downloads\Project_2 - Copy\Images\manga-11963-6101_0.fits,Images/manga-11963-6101_0.fits,ok
manga-11965-12705,232.228951575,7.74531876963,0.044636037,4,manga,1,0.0,1.0,0.0,0.0,1,0,C:\Users\dark_\Downloads\Project_2 - Copy\Images\manga-11965-12705_0.fits,Images/manga-11965-12705_0.fits,ok
manga-11965-3702,230.943881691,8.64809118719,0.030087072,8,manga,2,0.0,0.0,1.0,0.0,0,1,C:\Users\dark_\Downloads\Project_2 - Copy\Images\manga-11965-3702_0.fits,Images/manga-11965-3702_0.fits,ok
manga-11965-6102,230.749368142,8.7553894381,0.029871948,12,manga,3,0.0,0.0,0.0,1.0,1,1,C:\Users\dark_\Downloads\Project_2 - Copy\Images\manga-11965-6102_0.fits,Images/manga-11965-6102_0.fits,ok
manga-11969-3702,228.400825885,8.08577741305,0.03286711,4,manga,1,0.0,1.0,0.0,0.0,1,0,C:\Users\dark_\Downloads\Project_2 - Copy\Images\manga-11969-3702_0.fits,Images/manga-11969-3702_0.fits,ok
manga-11970-12704,225.236180286,11.5174164077,0.031674832,4,manga,1,0.0,1.0,0.0,0.0,1,0,C:\Users\dark_\Downloads\Project_2 - Copy\Images\manga-11970-12704_0.fits,Images/manga-11970-12704_0.fits,ok
manga-11970-6102,224.52598185,10.9545458914,0.04549313,4,manga,1,0.0,1.0,0.0,0.0,1,0,C:\Users\dark_\Downloads\Project_2 - Copy\Images\manga-11970-6102_0.fits,Images/manga-11970-6102_0.fits,ok
manga-11974-12703,238.203465211,10.1865955853,0.093530305,4,manga,1,0.0,1.0,0.0,0.0,1,0,C:\Users\dark_\Downloads\Project_2 - Copy\Images\manga-11974-12703_0.fits,Images/manga-11974-12703_0.fits,ok
manga-11975-9102,252.389698527,26.8478103837,0.055056237,8,manga,2,0.0,0.0,1.0,0.0,0,1,C:\Users\dark_\Downloads\Project_2 - Copy\Images\manga-11975-9102_0.fits,Images/manga-11975-9102_0.fits,ok
manga-11976-3701,241.561797466,18.1828719413,0.03940029,4,manga,1,0.0,1.0,0.0,0.0,1,0,C:\Users\dark_\Downloads\Project_2 - Copy\Images\manga-11976-3701_0.fits,Images/manga-11976-3701_0.fits,ok
manga-11977-12703,255.513304723,25.4164393026,0.031386465,4,manga,1,0.0,1.0,0.0,0.0,1,0,C:\Users\dark_\Downloads\Project_2 - Copy\Images\manga-11977-12703_0.fits,Images/manga-11977-12703_0.fits,ok
manga-11977-1902,253.866104982,25.229841235,0.04702727,4,manga,1,0.0,1.0,0.0,0.0,1,0,C:\Users\dark_\Downloads\Project_2 - Copy\Images\manga-11977-1902_0.fits,Images/manga-11977-1902_0.fits,ok
manga-11977-6102,253.683053684,24.8185626883,0.03557827,8,manga,2,0.0,0.0,1.0,0.0,0,1,C:\Users\dark_\Downloads\Project_2 - Copy\Images\manga-11977-6102_0.fits,Images/manga-11977-6102_0.fits,ok
manga-11978-12703,250.061017879,23.0217568184,0.039785124,4,manga,1,0.0,1.0,0.0,0.0,1,0,C:\Users\dark_\Downloads\Project_2 - Copy\Images\manga-11978-12703_0.fits,Images/manga-11978-12703_0.fits,ok
manga-11979-6101,252.306539828,23.0777602819,0.048409414,4,manga,1,0.0,1.0,0.0,0.0,1,0,C:\Users\dark_\Downloads\Project_2 - Copy\Images\manga-11979-6101_0.fits,Images/manga-11979-6101_0.fits,ok
manga-11979-6104,253.047977644,22.756535597,0.035153735,12,manga,3,0.0,0.0,0.0,1.0,1,1,C:\Users\dark_\Downloads\Project_2 - Copy\Images\manga-11979-6104_0.fits,Images/manga-11979-6104_0.fits,ok
manga-11979-9101,252.350450207,22.941437199,0.044335015,4,manga,1,0.0,1.0,0.0,0.0,1,0,C:\Users\dark_\Downloads\Project_2 - Copy\Images\manga-11979-9101_0.fits,Images/manga-11979-9101_0.fits,ok
manga-11982-3704,310.552847325,-5.57859070078,0.028545173,8,manga,2,0.0,0.0,1.0,0.0,0,1,C:\Users\dark_\Downloads\Project_2 - Copy\Images\manga-11982-3704_0.fits,Images/manga-11982-3704_0.fits,ok
manga-12066-3701,327.712234069,-0.847932488132,0.027196975,8,manga,2,0.0,0.0,1.0,0.0,0,1,C:\Users\dark_\Downloads\Project_2 - Copy\Images\manga-12066-3701_0.fits,Images/manga-12066-3701_0.fits,ok
manga-12066-6103,328.246177996,-0.150981657389,0.027650794,12,manga,3,0.0,0.0,0.0,1.0,1,1,C:\Users\dark_\Downloads\Project_2 - Copy\Images\manga-12066-6103_0.fits,Images/manga-12066-6103_0.fits,ok
manga-12067-12701,331.985834979,0.370159860495,0.056128077,4,manga,1,0.0,1.0,0.0,0.0,1,0,C:\Users\dark_\Downloads\Project_2 - Copy\Images\manga-12067-12701_0.fits,Images/manga-12067-12701_0.fits,ok
manga-12067-12702,332.452246977,0.829313388405,0.08600074,12,manga,3,0.0,0.0,0.0,1.0,1,1,C:\Users\dark_\Downloads\Project_2 - Copy\Images\manga-12067-12702_0.fits,Images/manga-12067-12702_0.fits,ok
manga-12067-3701,332.02545166,-0.906952857971,0.037916623,8,manga,2,0.0,0.0,1.0,0.0,0,1,C:\Users\dark_\Downloads\Project_2 - Copy\Images\manga-12067-3701_0.fits,Images/manga-12067-3701_0.fits,ok
manga-12067-6104,334.423460443,0.152122915501,0.04507232,4,manga,1,0.0,1.0,0.0,0.0,1,0,C:\Users\dark_\Downloads\Project_2 - Copy\Images\manga-12067-6104_0.fits,Images/manga-12067-6104_0.fits,ok
manga-12069-12704,338.030234824,0.0370669306217,0.038942147,4,manga,1,0.0,1.0,0.0,0.0,1,0,C:\Users\dark_\Downloads\Project_2 - Copy\Images\manga-12069-12704_0.fits,Images/manga-12069-12704_0.fits,ok
manga-12069-12705,340.06834535,-0.336137721563,0.05672755,4,manga,1,0.0,1.0,0.0,0.0,1,0,C:\Users\dark_\Downloads\Project_2 - Copy\Images\manga-12069-12705_0.fits,Images/manga-12069-12705_0.fits,ok
manga-12070-6102,341.005419942,0.752632793197,0.05747048,12,manga,3,0.0,0.0,0.0,1.0,1,1,C:\Users\dark_\Downloads\Project_2 - Copy\Images\manga-12070-6102_0.fits,Images/manga-12070-6102_0.fits,ok
manga-12070-9102,342.929836046,0.415276453685,0.026041793,12,manga,3,0.0,0.0,0.0,1.0,1,1,C:\Users\dark_\Downloads\Project_2 - Copy\Images\manga-12070-9102_0.fits,Images/manga-12070-9102_0.fits,ok
manga-12071-3701,346.647274174,-0.421577238109,0.026888033,8,manga,2,0.0,0.0,1.0,0.0,0,1,C:\Users\dark_\Downloads\Project_2 - Copy\Images\manga-12071-3701_0.fits,Images/manga-12071-3701_0.fits,ok
manga-12074-6104,18.6928863257,-0.00109952541905,0.017963503,4,manga,1,0.0,1.0,0.0,0.0,1,0,C:\Users\dark_\Downloads\Project_2 - Copy\Images\manga-12074-6104_0.fits,Images/manga-12074-6104_0.fits,ok
manga-12075-12703,20.8549364792,0.755284336195,0.017370166,4,manga,1,0.0,1.0,0.0,0.0,1,0,C:\Users\dark_\Downloads\Project_2 - Copy\Images\manga-12075-12703_0.fits,Images/manga-12075-12703_0.fits,ok
manga-12078-12702,28.671011,-0.143342,0.01851283,8,manga,2,0.0,0.0,1.0,0.0,0,1,C:\Users\dark_\Downloads\Project_2 - Copy\Images\manga-12078-12702_0.fits,Images/manga-12078-12702_0.fits,ok
manga-12078-12703,29.6705869857,0.529230120747,0.023279563,4,manga,1,0.0,1.0,0.0,0.0,1,0,C:\Users\dark_\Downloads\Project_2 - Copy\Images\manga-12078-12703_0.fits,Images/manga-12078-12703_0.fits,ok
manga-12079-3704,30.4308202323,-1.06981712944,0.043071605,12,manga,3,0.0,0.0,0.0,1.0,1,1,C:\Users\dark_\Downloads\Project_2 - Copy\Images\manga-12079-3704_0.fits,Images/manga-12079-3704_0.fits,ok
manga-12080-6101,30.8924534523,-1.01684433457,0.041273788,4,manga,1,0.0,1.0,0.0,0.0,1,0,C:\Users\dark_\Downloads\Project_2 - Copy\Images\manga-12080-6101_0.fits,Images/manga-12080-6101_0.fits,ok
manga-12080-6102,30.7371400125,-1.05858336857,0.040561985,12,manga,3,0.0,0.0,0.0,1.0,1,1,C:\Users\dark_\Downloads\Project_2 - Copy\Images\manga-12080-6102_0.fits,Images/manga-12080-6102_0.fits,ok
manga-12081-6102,31.7199861627,-0.518099725088,0.043344226,4,manga,1,0.0,1.0,0.0,0.0,1,0,C:\Users\dark_\Downloads\Project_2 - Copy\Images\manga-12081-6102_0.fits,Images/manga-12081-6102_0.fits,ok
manga-12082-6104,38.5440261305,-0.00178404760198,0.050217714,4,manga,1,0.0,1.0,0.0,0.0,1,0,C:\Users\dark_\Downloads\Project_2 - Copy\Images\manga-12082-6104_0.fits,Images/manga-12082-6104_0.fits,ok
manga-12083-12703,343.47968208,15.1399851717,0.12744428,8,manga,2,0.0,0.0,1.0,0.0,0,1,C:\Users\dark_\Downloads\Project_2 - Copy\Images\manga-12083-12703_0.fits,Images/manga-12083-12703_0.fits,ok
manga-12085-12703,346.792989432,15.0098486321,0.036407057,4,manga,1,0.0,1.0,0.0,0.0,1,0,C:\Users\dark_\Downloads\Project_2 - Copy\Images\manga-12085-12703_0.fits,Images/manga-12085-12703_0.fits,ok
manga-12087-3701,348.102169548,13.9512873922,0.034115326,4,manga,1,0.0,1.0,0.0,0.0,1,0,C:\Users\dark_\Downloads\Project_2 - Copy\Images\manga-12087-3701_0.fits,Images/manga-12087-3701_0.fits,ok
manga-12088-6101,349.163590003,15.587864686,0.038920924,4,manga,1,0.0,1.0,0.0,0.0,1,0,C:\Users\dark_\Downloads\Project_2 - Copy\Images\manga-12088-6101_0.fits,Images/manga-12088-6101_0.fits,ok
manga-12089-9101,350.861246846,14.1316765073,0.04176776,4,manga,1,0.0,1.0,0.0,0.0,1,0,C:\Users\dark_\Downloads\Project_2 - Copy\Images\manga-12089-9101_0.fits,Images/manga-12089-9101_0.fits,ok
manga-12089-9102,351.99968148,13.8520005476,0.040396553,8,manga,2,0.0,0.0,1.0,0.0,0,1,C:\Users\dark_\Downloads\Project_2 - Copy\Images\manga-12089-9102_0.fits,Images/manga-12089-9102_0.fits,ok
manga-12090-9102,352.758678642,14.9990625909,0.14481752,4,manga,1,0.0,1.0,0.0,0.0,1,0,C:\Users\dark_\Downloads\Project_2 - Copy\Images\manga-12090-9102_0.fits,Images/manga-12090-9102_0.fits,ok
manga-12484-6102,196.420960137,33.1789169229,0.0324317,12,manga,3,0.0,0.0,0.0,1.0,1,1,C:\Users\dark_\Downloads\Project_2 - Copy\Images\manga-12484-6102_0.fits,Images/manga-12484-6102_0.fits,ok
manga-12484-9101,194.681274403,32.2194061839,0.093759894,4,manga,1,0.0,1.0,0.0,0.0,1,0,C:\Users\dark_\Downloads\Project_2 - Copy\Images\manga-12484-9101_0.fits,Images/manga-12484-9101_0.fits,ok
manga-12485-3702,198.107803345,34.1213417053,0.033685546,8,manga,2,0.0,0.0,1.0,0.0,0,1,C:\Users\dark_\Downloads\Project_2 - Copy\Images\manga-12485-3702_0.fits,Images/manga-12485-3702_0.fits,ok
manga-12487-6104,138.211910325,30.2122585532,0.02170969,8,manga,2,0.0,0.0,1.0,0.0,0,1,C:\Users\dark_\Downloads\Project_2 - Copy\Images\manga-12487-6104_0.fits,Images/manga-12487-6104_0.fits,ok
manga-12489-3701,178.351133347,2.69124916949,0.07002049,8,manga,2,0.0,0.0,1.0,0.0,0,1,C:\Users\dark_\Downloads\Project_2 - Copy\Images\manga-12489-3701_0.fits,Images/manga-12489-3701_0.fits,ok
manga-12489-6102,178.790747708,4.17097504973,0.07344229,4,manga,1,0.0,1.0,0.0,0.0,1,0,C:\Users\dark_\Downloads\Project_2 - Copy\Images\manga-12489-6102_0.fits,Images/manga-12489-6102_0.fits,ok
manga-12491-3703,166.225633773,2.36369340392,0.025244445,12,manga,3,0.0,0.0,0.0,1.0,1,1,C:\Users\dark_\Downloads\Project_2 - Copy\Images\manga-12491-3703_0.fits,Images/manga-12491-3703_0.fits,ok
manga-12491-6101,165.897590307,3.33744190383,0.05309916,4,manga,1,0.0,1.0,0.0,0.0,1,0,C:\Users\dark_\Downloads\Project_2 - Copy\Images\manga-12491-6101_0.fits,Images/manga-12491-6101_0.fits,ok
manga-12506-6102,218.579238947,3.66438653036,0.033575296,4,manga,1,0.0,1.0,0.0,0.0,1,0,C:\Users\dark_\Downloads\Project_2 - Copy\Images\manga-12506-6102_0.fits,Images/manga-12506-6102_0.fits,ok
manga-12511-3701,133.976155571,0.853060628868,0.052468512,8,manga,2,0.0,0.0,1.0,0.0,0,1,C:\Users\dark_\Downloads\Project_2 - Copy\Images\manga-12511-3701_0.fits,Images/manga-12511-3701_0.fits,ok
manga-12511-3702,134.649946303,1.53043438711,0.106842145,4,manga,1,0.0,1.0,0.0,0.0,1,0,C:\Users\dark_\Downloads\Project_2 - Copy\Images\manga-12511-3702_0.fits,Images/manga-12511-3702_0.fits,ok
manga-12511-6101,134.619164107,0.0234601988079,0.028463524,4,manga,1,0.0,1.0,0.0,0.0,1,0,C:\Users\dark_\Downloads\Project_2 - Copy\Images\manga-12511-6101_0.fits,Images/manga-12511-6101_0.fits,ok
manga-12514-12702,198.839844166,1.92755568471,0.034554448,4,manga,1,0.0,1.0,0.0,0.0,1,0,C:\Users\dark_\Downloads\Project_2 - Copy\Images\manga-12514-12702_0.fits,Images/manga-12514-12702_0.fits,ok
manga-12514-6103,198.274199833,1.46552425813,0.029350435,12,manga,3,0.0,0.0,0.0,1.0,1,1,C:\Users\dark_\Downloads\Project_2 - Copy\Images\manga-12514-6103_0.fits,Images/manga-12514-6103_0.fits,ok
manga-12518-12705,158.464022875,-0.561397568229,0.031339794,4,manga,1,0.0,1.0,0.0,0.0,1,0,C:\Users\dark_\Downloads\Project_2 - Copy\Images\manga-12518-12705_0.fits,Images/manga-12518-12705_0.fits,ok
manga-12620-9102,201.170476287,31.0264957187,0.023855697,4,manga,1,0.0,1.0,0.0,0.0,1,0,C:\Users\dark_\Downloads\Project_2 - Copy\Images\manga-12620-9102_0.fits,Images/manga-12620-9102_0.fits,ok
manga-12621-3702,202.235788854,30.1501942259,0.04775599,4,manga,1,0.0,1.0,0.0,0.0,1,0,C:\Users\dark_\Downloads\Project_2 - Copy\Images\manga-12621-3702_0.fits,Images/manga-12621-3702_0.fits,ok
manga-12621-3703,204.990724016,30.107708687,0.033943534,8,manga,2,0.0,0.0,1.0,0.0,0,1,C:\Users\dark_\Downloads\Project_2 - Copy\Images\manga-12621-3703_0.fits,Images/manga-12621-3703_0.fits,ok
manga-12621-9101,203.279194983,30.4292905934,0.05664996,4,manga,1,0.0,1.0,0.0,0.0,1,0,C:\Users\dark_\Downloads\Project_2 - Copy\Images\manga-12621-9101_0.fits,Images/manga-12621-9101_0.fits,ok
manga-12622-1902,202.331962545,32.0047224327,0.024402563,8,manga,2,0.0,0.0,1.0,0.0,0,1,C:\Users\dark_\Downloads\Project_2 - Copy\Images\manga-12622-1902_0.fits,Images/manga-12622-1902_0.fits,ok
manga-12624-12703,203.468324934,31.6046500241,0.062114105,4,manga,1,0.0,1.0,0.0,0.0,1,0,C:\Users\dark_\Downloads\Project_2 - Copy\Images\manga-12624-12703_0.fits,Images/manga-12624-12703_0.fits,ok
manga-12651-1901,250.892815906,26.6137526433,0.022669433,4,manga,1,0.0,1.0,0.0,0.0,1,0,C:\Users\dark_\Downloads\Project_2 - Copy\Images\manga-12651-1901_0.fits,Images/manga-12651-1901_0.fits,ok
manga-12651-6103,251.051592122,26.7347799246,0.046723053,8,manga,2,0.0,0.0,1.0,0.0,0,1,C:\Users\dark_\Downloads\Project_2 - Copy\Images\manga-12651-6103_0.fits,Images/manga-12651-6103_0.fits,ok
manga-12652-12701,251.017679946,23.3977625353,0.031845953,4,manga,1,0.0,1.0,0.0,0.0,1,0,C:\Users\dark_\Downloads\Project_2 - Copy\Images\manga-12652-12701_0.fits,Images/manga-12652-12701_0.fits,ok
manga-12667-12703,250.460004716,37.7347904571,0.061029024,4,manga,1,0.0,1.0,0.0,0.0,1,0,C:\Users\dark_\Downloads\Project_2 - Copy\Images\manga-12667-12703_0.fits,Images/manga-12667-12703_0.fits,ok
manga-12667-12705,249.446596411,36.1149676106,0.032882314,4,manga,1,0.0,1.0,0.0,0.0,1,0,C:\Users\dark_\Downloads\Project_2 - Copy\Images\manga-12667-12705_0.fits,Images/manga-12667-12705_0.fits,ok
manga-12673-12702,247.449803411,39.7162169878,0.028473616,8,manga,2,0.0,0.0,1.0,0.0,0,1,C:\Users\dark_\Downloads\Project_2 - Copy\Images\manga-12673-12702_0.fits,Images/manga-12673-12702_0.fits,ok
manga-12673-6102,245.338708143,40.3099825822,0.033317678,4,manga,1,0.0,1.0,0.0,0.0,1,0,C:\Users\dark_\Downloads\Project_2 - Copy\Images\manga-12673-6102_0.fits,Images/manga-12673-6102_0.fits,ok
manga-12673-9102,247.381411391,40.4128198507,0.028275568,12,manga,3,0.0,0.0,0.0,1.0,1,1,C:\Users\dark_\Downloads\Project_2 - Copy\Images\manga-12673-9102_0.fits,Images/manga-12673-9102_0.fits,ok
manga-12674-12703,246.842092202,39.1096306181,0.03303058,4,manga,1,0.0,1.0,0.0,0.0,1,0,C:\Users\dark_\Downloads\Project_2 - Copy\Images\manga-12674-12703_0.fits,Images/manga-12674-12703_0.fits,ok
manga-12674-12704,245.22421217,40.1041474857,0.03384976,12,manga,3,0.0,0.0,0.0,1.0,1,1,C:\Users\dark_\Downloads\Project_2 - Copy\Images\manga-12674-12704_0.fits,Images/manga-12674-12704_0.fits,ok
manga-12674-6102,245.694265724,39.5845564377,0.03179979,12,manga,3,0.0,0.0,0.0,1.0,1,1,C:\Users\dark_\Downloads\Project_2 - Copy\Images\manga-12674-6102_0.fits,Images/manga-12674-6102_0.fits,ok
manga-12675-1902,251.496587184,35.4589203632,0.030153016,8,manga,2,0.0,0.0,1.0,0.0,0,1,C:\Users\dark_\Downloads\Project_2 - Copy\Images\manga-12675-1902_0.fits,Images/manga-12675-1902_0.fits,ok
manga-12678-1902,313.902458799,-7.428226247,0.027905166,4,manga,1,0.0,1.0,0.0,0.0,1,0,C:\Users\dark_\Downloads\Project_2 - Copy\Images\manga-12678-1902_0.fits,Images/manga-12678-1902_0.fits,ok
manga-12678-6102,313.805157544,-6.70648520342,0.057637386,4,manga,1,0.0,1.0,0.0,0.0,1,0,C:\Users\dark_\Downloads\Project_2 - Copy\Images\manga-12678-6102_0.fits,Images/manga-12678-6102_0.fits,ok
manga-12679-12705,318.709280847,-7.46203835711,0.02848876,4,manga,1,0.0,1.0,0.0,0.0,1,0,C:\Users\dark_\Downloads\Project_2 - Copy\Images\manga-12679-12705_0.fits,Images/manga-12679-12705_0.fits,ok
manga-12679-1902,317.326589876,-6.13187619468,0.028591322,4,manga,1,0.0,1.0,0.0,0.0,1,0,C:\Users\dark_\Downloads\Project_2 - Copy\Images\manga-12679-1902_0.fits,Images/manga-12679-1902_0.fits,ok
manga-12682-12702,324.638831803,-6.90386390325,0.027857948,4,manga,1,0.0,1.0,0.0,0.0,1,0,C:\Users\dark_\Downloads\Project_2 - Copy\Images\manga-12682-12702_0.fits,Images/manga-12682-12702_0.fits,ok
manga-12682-6103,324.649810464,-8.22592007443,0.051409204,8,manga,2,0.0,0.0,1.0,0.0,0,1,C:\Users\dark_\Downloads\Project_2 - Copy\Images\manga-12682-6103_0.fits,Images/manga-12682-6103_0.fits,ok
manga-12682-9102,324.527035023,-6.72174140672,0.05286621,4,manga,1,0.0,1.0,0.0,0.0,1,0,C:\Users\dark_\Downloads\Project_2 - Copy\Images\manga-12682-9102_0.fits,Images/manga-12682-9102_0.fits,ok
manga-12684-6104,327.90033691,-7.12267575581,0.058213674,8,manga,2,0.0,0.0,1.0,0.0,0,1,C:\Users\dark_\Downloads\Project_2 - Copy\Images\manga-12684-6104_0.fits,Images/manga-12684-6104_0.fits,ok
manga-12685-3701,328.699755239,-7.72490813084,0.059644688,8,manga,2,0.0,0.0,1.0,0.0,0,1,C:\Users\dark_\Downloads\Project_2 - Copy\Images\manga-12685-3701_0.fits,Images/manga-12685-3701_0.fits,ok
manga-12685-6103,329.388791032,-7.73905917162,0.059384044,8,manga,2,0.0,0.0,1.0,0.0,0,1,C:\Users\dark_\Downloads\Project_2 - Copy\Images\manga-12685-6103_0.fits,Images/manga-12685-6103_0.fits,ok
manga-12696-12702,13.42766947,-1.08517904079,0.046600495,4,manga,1,0.0,1.0,0.0,0.0,1,0,C:\Users\dark_\Downloads\Project_2 - Copy\Images\manga-12696-12702_0.fits,Images/manga-12696-12702_0.fits,ok
manga-12696-3701,14.4726643554,-0.346239287353,0.041626148,8,manga,2,0.0,0.0,1.0,0.0,0,1,C:\Users\dark_\Downloads\Project_2 - Copy\Images\manga-12696-3701_0.fits,Images/manga-12696-3701_0.fits,ok
manga-12696-6104,14.3207324623,-0.66948267145,0.04523477,8,manga,2,0.0,0.0,1.0,0.0,0,1,C:\Users\dark_\Downloads\Project_2 - Copy\Images\manga-12696-6104_0.fits,Images/manga-12696-6104_0.fits,ok
manga-12700-6102,1.60658690905,15.428792568,0.04414809,4,manga,1,0.0,1.0,0.0,0.0,1,0,C:\Users\dark_\Downloads\Project_2 - Copy\Images\manga-12700-6102_0.fits,Images/manga-12700-6102_0.fits,ok
manga-7495-12701,204.57951601,26.1984249967,0.0612091,12,manga,3,0.0,0.0,0.0,1.0,1,1,C:\Users\dark_\Downloads\Project_2 - Copy\Images\manga-7495-12701_0.fits,Images/manga-7495-12701_0.fits,ok
manga-7495-12705,205.609258111,26.5368707574,0.0762428,4,manga,1,0.0,1.0,0.0,0.0,1,0,C:\Users\dark_\Downloads\Project_2 - Copy\Images\manga-7495-12705_0.fits,Images/manga-7495-12705_0.fits,ok
manga-7495-3704,204.586284348,26.7597425957,0.030404,8,manga,2,0.0,0.0,1.0,0.0,0,1,C:\Users\dark_\Downloads\Project_2 - Copy\Images\manga-7495-3704_0.fits,Images/manga-7495-3704_0.fits,ok
manga-7495-9102,204.884524192,26.7775419978,0.0289841,4,manga,1,0.0,1.0,0.0,0.0,1,0,C:\Users\dark_\Downloads\Project_2 - Copy\Images\manga-7495-9102_0.fits,Images/manga-7495-9102_0.fits,ok
manga-7815-3704,319.233949063,9.63757525774,0.0708847,4,manga,1,0.0,1.0,0.0,0.0,1,0,C:\Users\dark_\Downloads\Project_2 - Copy\Images\manga-7815-3704_0.fits,Images/manga-7815-3704_0.fits,ok
manga-7958-3702,256.992605895,34.8185393231,0.0370471,4,manga,1,0.0,1.0,0.0,0.0,1,0,C:\Users\dark_\Downloads\Project_2 - Copy\Images\manga-7958-3702_0.fits,Images/manga-7958-3702_0.fits,ok
manga-7958-6101,257.383688857,34.4270318778,0.0238889,4,manga,1,0.0,1.0,0.0,0.0,1,0,C:\Users\dark_\Downloads\Project_2 - Copy\Images\manga-7958-6101_0.fits,Images/manga-7958-6101_0.fits,ok
manga-7958-6103,257.251841333,34.9047960709,0.035661,8,manga,2,0.0,0.0,1.0,0.0,0,1,C:\Users\dark_\Downloads\Project_2 - Copy\Images\manga-7958-6103_0.fits,Images/manga-7958-6103_0.fits,ok
manga-7959-6102,256.727975449,30.2697609595,0.030814,4,manga,1,0.0,1.0,0.0,0.0,1,0,C:\Users\dark_\Downloads\Project_2 - Copy\Images\manga-7959-6102_0.fits,Images/manga-7959-6102_0.fits,ok
manga-7960-3702,258.289350795,31.5820433165,0.0295799,8,manga,2,0.0,0.0,1.0,0.0,0,1,C:\Users\dark_\Downloads\Project_2 - Copy\Images\manga-7960-3702_0.fits,Images/manga-7960-3702_0.fits,ok
manga-7962-9101,259.168654353,27.9765101547,0.10547,4,manga,1,0.0,1.0,0.0,0.0,1,0,C:\Users\dark_\Downloads\Project_2 - Copy\Images\manga-7962-9101_0.fits,Images/manga-7962-9101_0.fits,ok
manga-7965-1902,318.502268807,0.535091362305,0.0269267,12,manga,3,0.0,0.0,0.0,1.0,1,1,C:\Users\dark_\Downloads\Project_2 - Copy\Images\manga-7965-1902_0.fits,Images/manga-7965-1902_0.fits,ok
manga-7975-6102,323.577092837,11.2143239831,0.0341885,8,manga,2,0.0,0.0,1.0,0.0,0,1,C:\Users\dark_\Downloads\Project_2 - Copy\Images\manga-7975-6102_0.fits,Images/manga-7975-6102_0.fits,ok
manga-7980-3701,333.607767431,13.311989491,0.0263216,4,manga,1,0.0,1.0,0.0,0.0,1,0,C:\Users\dark_\Downloads\Project_2 - Copy\Images\manga-7980-3701_0.fits,Images/manga-7980-3701_0.fits,ok
manga-7981-9102,338.410077258,13.2121265666,0.0932278,4,manga,1,0.0,1.0,0.0,0.0,1,0,C:\Users\dark_\Downloads\Project_2 - Copy\Images\manga-7981-9102_0.fits,Images/manga-7981-9102_0.fits,ok
manga-7990-6101,261.039484654,56.8744593789,0.0271715,8,manga,2,0.0,0.0,1.0,0.0,0,1,C:\Users\dark_\Downloads\Project_2 - Copy\Images\manga-7990-6101_0.fits,Images/manga-7990-6101_0.fits,ok
manga-7990-6103,261.284844944,58.7646874219,0.0292359,4,manga,1,0.0,1.0,0.0,0.0,1,0,C:\Users\dark_\Downloads\Project_2 - Copy\Images\manga-7990-6103_0.fits,Images/manga-7990-6103_0.fits,ok
manga-7991-6101,257.582232587,56.7572501383,0.0328402,12,manga,3,0.0,0.0,0.0,1.0,1,1,C:\Users\dark_\Downloads\Project_2 - Copy\Images\manga-7991-6101_0.fits,Images/manga-7991-6101_0.fits,ok
manga-7992-3702,253.313049551,64.4762786637,0.0542151,4,manga,1,0.0,1.0,0.0,0.0,1,0,C:\Users\dark_\Downloads\Project_2 - Copy\Images\manga-7992-3702_0.fits,Images/manga-7992-3702_0.fits,ok
manga-7993-12704,33.4062555764,13.7281228725,0.0410693,4,manga,1,0.0,1.0,0.0,0.0,1,0,C:\Users\dark_\Downloads\Project_2 - Copy\Images\manga-7993-12704_0.fits,Images/manga-7993-12704_0.fits,ok
manga-8077-3701,41.4931915999,-0.449181093753,0.0289556,12,manga,3,0.0,0.0,0.0,1.0,1,1,C:\Users\dark_\Downloads\Project_2 - Copy\Images\manga-8077-3701_0.fits,Images/manga-8077-3701_0.fits,ok
manga-8079-3701,41.5210512647,-0.650956442347,0.0443161,4,manga,1,0.0,1.0,0.0,0.0,1,0,C:\Users\dark_\Downloads\Project_2 - Copy\Images\manga-8079-3701_0.fits,Images/manga-8079-3701_0.fits,ok
manga-8079-6102,42.9775629197,-0.980116719149,0.0225089,4,manga,1,0.0,1.0,0.0,0.0,1,0,C:\Users\dark_\Downloads\Project_2 - Copy\Images\manga-8079-6102_0.fits,Images/manga-8079-6102_0.fits,ok
manga-8083-12704,50.6967861467,0.149366137403,0.0228308,4,manga,1,0.0,1.0,0.0,0.0,1,0,C:\Users\dark_\Downloads\Project_2 - Copy\Images\manga-8083-12704_0.fits,Images/manga-8083-12704_0.fits,ok
manga-8084-6101,51.6942487239,-0.648169731434,0.0204935,4,manga,1,0.0,1.0,0.0,0.0,1,0,C:\Users\dark_\Downloads\Project_2 - Copy\Images\manga-8084-6101_0.fits,Images/manga-8084-6101_0.fits,ok
manga-8088-1901,3.43656623429,14.6069264977,0.0338068,4,manga,1,0.0,1.0,0.0,0.0,1,0,C:\Users\dark_\Downloads\Project_2 - Copy\Images\manga-8088-1901_0.fits,Images/manga-8088-1901_0.fits,ok
manga-8088-3701,3.11891514753,14.1777375236,0.0441966,4,manga,1,0.0,1.0,0.0,0.0,1,0,C:\Users\dark_\Downloads\Project_2 - Copy\Images\manga-8088-3701_0.fits,Images/manga-8088-3701_0.fits,ok
manga-8091-12701,11.9991011508,13.7426779765,0.0566654,4,manga,1,0.0,1.0,0.0,0.0,1,0,C:\Users\dark_\Downloads\Project_2 - Copy\Images\manga-8091-12701_0.fits,Images/manga-8091-12701_0.fits,ok
manga-8091-12705,12.4646660286,14.9203116712,0.0565678,12,manga,3,0.0,0.0,0.0,1.0,1,1,C:\Users\dark_\Downloads\Project_2 - Copy\Images\manga-8091-12705_0.fits,Images/manga-8091-12705_0.fits,ok
manga-8091-6101,11.83082242,14.7034848688,0.0390731,4,manga,1,0.0,1.0,0.0,0.0,1,0,C:\Users\dark_\Downloads\Project_2 - Copy\Images\manga-8091-6101_0.fits,Images/manga-8091-6101_0.fits,ok
manga-8091-6104,12.9871505068,14.5831144538,0.0562129,8,manga,2,0.0,0.0,1.0,0.0,0,1,C:\Users\dark_\Downloads\Project_2 - Copy\Images\manga-8091-6104_0.fits,Images/manga-8091-6104_0.fits,ok
manga-8091-9101,11.8764500553,15.6970814393,0.0314111,8,manga,2,0.0,0.0,1.0,0.0,0,1,C:\Users\dark_\Downloads\Project_2 - Copy\Images\manga-8091-9101_0.fits,Images/manga-8091-9101_0.fits,ok
manga-8092-3701,18.7573245828,15.4135190327,0.0307271,4,manga,1,0.0,1.0,0.0,0.0,1,0,C:\Users\dark_\Downloads\Project_2 - Copy\Images\manga-8092-3701_0.fits,Images/manga-8092-3701_0.fits,ok
manga-8093-12703,22.224069663,14.7207094293,0.0366698,4,manga,1,0.0,1.0,0.0,0.0,1,0,C:\Users\dark_\Downloads\Project_2 - Copy\Images\manga-8093-12703_0.fits,Images/manga-8093-12703_0.fits,ok
manga-8093-3703,22.1751642634,14.6092312686,0.0363883,12,manga,3,0.0,0.0,0.0,1.0,1,1,C:\Users\dark_\Downloads\Project_2 - Copy\Images\manga-8093-3703_0.fits,Images/manga-8093-3703_0.fits,ok
manga-8093-9102,20.8483535937,15.2146883695,0.0341177,4,manga,1,0.0,1.0,0.0,0.0,1,0,C:\Users\dark_\Downloads\Project_2 - Copy\Images\manga-8093-9102_0.fits,Images/manga-8093-9102_0.fits,ok
manga-8095-1902,25.4299375141,13.6758150021,0.0453256,4,manga,1,0.0,1.0,0.0,0.0,1,0,C:\Users\dark_\Downloads\Project_2 - Copy\Images\manga-8095-1902_0.fits,Images/manga-8095-1902_0.fits,ok
manga-8095-6102,25.879951208,14.3971135677,0.0240713,4,manga,1,0.0,1.0,0.0,0.0,1,0,C:\Users\dark_\Downloads\Project_2 - Copy\Images\manga-8095-6102_0.fits,Images/manga-8095-6102_0.fits,ok
manga-8097-1901,27.5495383307,13.8005946478,0.0441052,8,manga,2,0.0,0.0,1.0,0.0,0,1,C:\Users\dark_\Downloads\Project_2 - Copy\Images\manga-8097-1901_0.fits,Images/manga-8097-1901_0.fits,ok
manga-8131-9102,112.22135952,41.3078118442,0.0584527,12,manga,3,0.0,0.0,0.0,1.0,1,1,C:\Users\dark_\Downloads\Project_2 - Copy\Images\manga-8131-9102_0.fits,Images/manga-8131-9102_0.fits,ok
manga-8132-12705,111.936858786,42.1015119728,0.056723,4,manga,1,0.0,1.0,0.0,0.0,1,0,C:\Users\dark_\Downloads\Project_2 - Copy\Images\manga-8132-12705_0.fits,Images/manga-8132-12705_0.fits,ok
manga-8133-9102,112.721756162,43.5007438516,0.143514,8,manga,2,0.0,0.0,1.0,0.0,0,1,C:\Users\dark_\Downloads\Project_2 - Copy\Images\manga-8133-9102_0.fits,Images/manga-8133-9102_0.fits,ok
manga-8134-6102,114.924507865,45.912609695,0.0319834,4,manga,1,0.0,1.0,0.0,0.0,1,0,C:\Users\dark_\Downloads\Project_2 - Copy\Images\manga-8134-6102_0.fits,Images/manga-8134-6102_0.fits,ok
manga-8134-9102,116.280206992,46.0724212288,0.0312375,4,manga,1,0.0,1.0,0.0,0.0,1,0,C:\Users\dark_\Downloads\Project_2 - Copy\Images\manga-8134-9102_0.fits,Images/manga-8134-9102_0.fits,ok
manga-8135-12704,114.753059381,38.1277411977,0.0944878,4,manga,1,0.0,1.0,0.0,0.0,1,0,C:\Users\dark_\Downloads\Project_2 - Copy\Images\manga-8135-12704_0.fits,Images/manga-8135-12704_0.fits,ok
manga-8135-6103,113.057012986,39.5600737596,0.0488063,4,manga,1,0.0,1.0,0.0,0.0,1,0,C:\Users\dark_\Downloads\Project_2 - Copy\Images\manga-8135-6103_0.fits,Images/manga-8135-6103_0.fits,ok
manga-8137-12702,115.017774246,43.0009101908,0.049903,4,manga,1,0.0,1.0,0.0,0.0,1,0,C:\Users\dark_\Downloads\Project_2 - Copy\Images\manga-8137-12702_0.fits,Images/manga-8137-12702_0.fits,ok
manga-8138-3702,116.097926044,44.5277414829,0.049657,4,manga,1,0.0,1.0,0.0,0.0,1,0,C:\Users\dark_\Downloads\Project_2 - Copy\Images\manga-8138-3702_0.fits,Images/manga-8138-3702_0.fits,ok
manga-8140-12701,116.930322338,41.386379358,0.0285831,4,manga,1,0.0,1.0,0.0,0.0,1,0,C:\Users\dark_\Downloads\Project_2 - Copy\Images\manga-8140-12701_0.fits,Images/manga-8140-12701_0.fits,ok
manga-8143-6101,121.014200537,40.8026129505,0.126168,4,manga,1,0.0,1.0,0.0,0.0,1,0,C:\Users\dark_\Downloads\Project_2 - Copy\Images\manga-8143-6101_0.fits,Images/manga-8143-6101_0.fits,ok
manga-8144-12704,114.177125896,29.3049107417,0.0889617,8,manga,2,0.0,0.0,1.0,0.0,0,1,C:\Users\dark_\Downloads\Project_2 - Copy\Images\manga-8144-12704_0.fits,Images/manga-8144-12704_0.fits,ok
manga-8144-1901,113.678445152,30.0188958222,0.0268051,8,manga,2,0.0,0.0,1.0,0.0,0,1,C:\Users\dark_\Downloads\Project_2 - Copy\Images\manga-8144-1901_0.fits,Images/manga-8144-1901_0.fits,ok
manga-8144-6101,115.07567,28.46421,0.0222516,4,manga,1,0.0,1.0,0.0,0.0,1,0,C:\Users\dark_\Downloads\Project_2 - Copy\Images\manga-8144-6101_0.fits,Images/manga-8144-6101_0.fits,ok
manga-8144-6103,113.048715618,28.8954305789,0.0617402,8,manga,2,0.0,0.0,1.0,0.0,0,1,C:\Users\dark_\Downloads\Project_2 - Copy\Images\manga-8144-6103_0.fits,Images/manga-8144-6103_0.fits,ok
manga-8146-12702,116.835692191,29.4129340233,0.0625398,4,manga,1,0.0,1.0,0.0,0.0,1,0,C:\Users\dark_\Downloads\Project_2 - Copy\Images\manga-8146-12702_0.fits,Images/manga-8146-12702_0.fits,ok
manga-8146-12703,116.605086099,30.4404922234,0.0553666,4,manga,1,0.0,1.0,0.0,0.0,1,0,C:\Users\dark_\Downloads\Project_2 - Copy\Images\manga-8146-12703_0.fits,Images/manga-8146-12703_0.fits,ok
manga-8146-12705,118.053214402,28.7725795647,0.0636542,4,manga,1,0.0,1.0,0.0,0.0,1,0,C:\Users\dark_\Downloads\Project_2 - Copy\Images\manga-8146-12705_0.fits,Images/manga-8146-12705_0.fits,ok
manga-8147-3704,118.323963177,27.4607379561,0.026801,4,manga,1,0.0,1.0,0.0,0.0,1,0,C:\Users\dark_\Downloads\Project_2 - Copy\Images\manga-8147-3704_0.fits,Images/manga-8147-3704_0.fits,ok
manga-8147-6102,118.627843459,25.8159864765,0.0631476,4,manga,1,0.0,1.0,0.0,0.0,1,0,C:\Users\dark_\Downloads\Project_2 - Copy\Images\manga-8147-6102_0.fits,Images/manga-8147-6102_0.fits,ok
manga-8149-12702,119.609269043,27.1615475855,0.0469958,4,manga,1,0.0,1.0,0.0,0.0,1,0,C:\Users\dark_\Downloads\Project_2 - Copy\Images\manga-8149-12702_0.fits,Images/manga-8149-12702_0.fits,ok
manga-8150-6104,147.539015745,33.5693471221,0.0270084,4,manga,1,0.0,1.0,0.0,0.0,1,0,C:\Users\dark_\Downloads\Project_2 - Copy\Images\manga-8150-6104_0.fits,Images/manga-8150-6104_0.fits,ok
manga-8152-6101,142.007171549,34.4105520044,0.0425769,8,manga,2,0.0,0.0,1.0,0.0,0,1,C:\Users\dark_\Downloads\Project_2 - Copy\Images\manga-8152-6101_0.fits,Images/manga-8152-6101_0.fits,ok
manga-8153-12705,41.4483281377,-0.240915330231,0.0233138,4,manga,1,0.0,1.0,0.0,0.0,1,0,C:\Users\dark_\Downloads\Project_2 - Copy\Images\manga-8153-12705_0.fits,Images/manga-8153-12705_0.fits,ok
manga-8153-3702,39.4613924343,0.574641410115,0.0629965,8,manga,2,0.0,0.0,1.0,0.0,0,1,C:\Users\dark_\Downloads\Project_2 - Copy\Images\manga-8153-3702_0.fits,Images/manga-8153-3702_0.fits,ok
manga-8154-1902,44.8466810553,-1.16668563519,0.0282449,4,manga,1,0.0,1.0,0.0,0.0,1,0,C:\Users\dark_\Downloads\Project_2 - Copy\Images\manga-8154-1902_0.fits,Images/manga-8154-1902_0.fits,ok
manga-8155-6103,52.0504984222,0.124749266576,0.139508,4,manga,1,0.0,1.0,0.0,0.0,1,0,C:\Users\dark_\Downloads\Project_2 - Copy\Images\manga-8155-6103_0.fits,Images/manga-8155-6103_0.fits,ok
manga-8157-12703,30.852825397,14.6975872712,0.133707,4,manga,1,0.0,1.0,0.0,0.0,1,0,C:\Users\dark_\Downloads\Project_2 - Copy\Images\manga-8157-12703_0.fits,Images/manga-8157-12703_0.fits,ok
manga-8157-12705,31.6466327252,12.5203065089,0.0603115,4,manga,1,0.0,1.0,0.0,0.0,1,0,C:\Users\dark_\Downloads\Project_2 - Copy\Images\manga-8157-12705_0.fits,Images/manga-8157-12705_0.fits,ok
manga-8240-12701,124.5668538,44.3735897817,0.023536,4,manga,1,0.0,1.0,0.0,0.0,1,0,C:\Users\dark_\Downloads\Project_2 - Copy\Images\manga-8240-12701_0.fits,Images/manga-8240-12701_0.fits,ok
manga-8240-12702,125.256178852,44.3776367193,0.144358,4,manga,1,0.0,1.0,0.0,0.0,1,0,C:\Users\dark_\Downloads\Project_2 - Copy\Images\manga-8240-12702_0.fits,Images/manga-8240-12702_0.fits,ok
manga-8244-3702,131.815007291,51.2458059073,0.0275416,4,manga,1,0.0,1.0,0.0,0.0,1,0,C:\Users\dark_\Downloads\Project_2 - Copy\Images\manga-8244-3702_0.fits,Images/manga-8244-3702_0.fits,ok
manga-8244-6101,130.454908959,50.7864246426,0.0543933,4,manga,1,0.0,1.0,0.0,0.0,1,0,C:\Users\dark_\Downloads\Project_2 - Copy\Images\manga-8244-6101_0.fits,Images/manga-8244-6101_0.fits,ok
manga-8245-12702,136.196794615,22.0284799156,0.0343052,4,manga,1,0.0,1.0,0.0,0.0,1,0,C:\Users\dark_\Downloads\Project_2 - Copy\Images\manga-8245-12702_0.fits,Images/manga-8245-12702_0.fits,ok
manga-8248-12703,136.743567831,17.9637780918,0.0286108,4,manga,1,0.0,1.0,0.0,0.0,1,0,C:\Users\dark_\Downloads\Project_2 - Copy\Images\manga-8248-12703_0.fits,Images/manga-8248-12703_0.fits,ok
manga-8248-12705,138.553152091,16.7423255072,0.0278546,4,manga,1,0.0,1.0,0.0,0.0,1,0,C:\Users\dark_\Downloads\Project_2 - Copy\Images\manga-8248-12705_0.fits,Images/manga-8248-12705_0.fits,ok
manga-8249-12703,139.55919103,45.6516888989,0.0269041,4,manga,1,0.0,1.0,0.0,0.0,1,0,C:\Users\dark_\Downloads\Project_2 - Copy\Images\manga-8249-12703_0.fits,Images/manga-8249-12703_0.fits,ok
manga-8250-6102,138.902616221,42.1572231444,0.0247248,4,manga,1,0.0,1.0,0.0,0.0,1,0,C:\Users\dark_\Downloads\Project_2 - Copy\Images\manga-8250-6102_0.fits,Images/manga-8250-6102_0.fits,ok
manga-8253-6104,158.251424806,42.9284226228,0.0446767,4,manga,1,0.0,1.0,0.0,0.0,1,0,C:\Users\dark_\Downloads\Project_2 - Copy\Images\manga-8253-6104_0.fits,Images/manga-8253-6104_0.fits,ok
manga-8254-6103,162.989174052,44.7601317834,0.140498,8,manga,2,0.0,0.0,1.0,0.0,0,1,C:\Users\dark_\Downloads\Project_2 - Copy\Images\manga-8254-6103_0.fits,Images/manga-8254-6103_0.fits,ok
manga-8254-9101,161.261701641,43.7047581688,0.0253261,12,manga,3,0.0,0.0,0.0,1.0,1,1,C:\Users\dark_\Downloads\Project_2 - Copy\Images\manga-8254-9101_0.fits,Images/manga-8254-9101_0.fits,ok
manga-8256-6101,163.734794052,41.4984615909,0.0246276,4,manga,1,0.0,1.0,0.0,0.0,1,0,C:\Users\dark_\Downloads\Project_2 - Copy\Images\manga-8256-6101_0.fits,Images/manga-8256-6101_0.fits,ok
manga-8257-6101,165.26133255,44.8882467412,0.0294351,4,manga,1,0.0,1.0,0.0,0.0,1,0,C:\Users\dark_\Downloads\Project_2 - Copy\Images\manga-8257-6101_0.fits,Images/manga-8257-6101_0.fits,ok
manga-8258-12704,167.776507023,43.6330113334,0.0250287,4,manga,1,0.0,1.0,0.0,0.0,1,0,C:\Users\dark_\Downloads\Project_2 - Copy\Images\manga-8258-12704_0.fits,Images/manga-8258-12704_0.fits,ok
manga-8258-9101,165.45434119,44.4481335854,0.0367555,8,manga,2,0.0,0.0,1.0,0.0,0,1,C:\Users\dark_\Downloads\Project_2 - Copy\Images\manga-8258-9101_0.fits,Images/manga-8258-9101_0.fits,ok
manga-8258-9102,167.255562519,44.4118914506,0.0961407,4,manga,1,0.0,1.0,0.0,0.0,1,0,C:\Users\dark_\Downloads\Project_2 - Copy\Images\manga-8258-9102_0.fits,Images/manga-8258-9102_0.fits,ok
manga-8259-3702,177.794188858,45.2228493075,0.0358399,8,manga,2,0.0,0.0,1.0,0.0,0,1,C:\Users\dark_\Downloads\Project_2 - Copy\Images\manga-8259-3702_0.fits,Images/manga-8259-3702_0.fits,ok
manga-8262-9101,184.543787493,44.4004596628,0.0382552,4,manga,1,0.0,1.0,0.0,0.0,1,0,C:\Users\dark_\Downloads\Project_2 - Copy\Images\manga-8262-9101_0.fits,Images/manga-8262-9101_0.fits,ok
manga-8310-3701,179.294527035,22.2961693069,0.052274,8,manga,2,0.0,0.0,1.0,0.0,0,1,C:\Users\dark_\Downloads\Project_2 - Copy\Images\manga-8310-3701_0.fits,Images/manga-8310-3701_0.fits,ok
manga-8311-6104,205.282730985,23.2820554311,0.0263526,4,manga,1,0.0,1.0,0.0,0.0,1,0,C:\Users\dark_\Downloads\Project_2 - Copy\Images\manga-8311-6104_0.fits,Images/manga-8311-6104_0.fits,ok
manga-8312-12705,247.155376088,39.69890557,0.031211,4,manga,1,0.0,1.0,0.0,0.0,1,0,C:\Users\dark_\Downloads\Project_2 - Copy\Images\manga-8312-12705_0.fits,Images/manga-8312-12705_0.fits,ok
manga-8312-3704,247.163484693,39.5185461511,0.0251772,4,manga,1,0.0,1.0,0.0,0.0,1,0,C:\Users\dark_\Downloads\Project_2 - Copy\Images\manga-8312-3704_0.fits,Images/manga-8312-3704_0.fits,ok
manga-8312-6102,246.411128006,40.0988261907,0.0325493,4,manga,1,0.0,1.0,0.0,0.0,1,0,C:\Users\dark_\Downloads\Project_2 - Copy\Images\manga-8312-6102_0.fits,Images/manga-8312-6102_0.fits,ok
manga-8313-12705,242.682530759,41.1485576864,0.0315371,4,manga,1,0.0,1.0,0.0,0.0,1,0,C:\Users\dark_\Downloads\Project_2 - Copy\Images\manga-8313-12705_0.fits,Images/manga-8313-12705_0.fits,ok
manga-8313-9102,239.987945488,41.4777751316,0.0332509,4,manga,1,0.0,1.0,0.0,0.0,1,0,C:\Users\dark_\Downloads\Project_2 - Copy\Images\manga-8313-9102_0.fits,Images/manga-8313-9102_0.fits,ok
manga-8314-3704,243.155037322,39.4190235377,0.0321959,8,manga,2,0.0,0.0,1.0,0.0,0,1,C:\Users\dark_\Downloads\Project_2 - Copy\Images\manga-8314-3704_0.fits,Images/manga-8314-3704_0.fits,ok
manga-8315-12703,236.2674028,39.8598311064,0.0780127,4,manga,1,0.0,1.0,0.0,0.0,1,0,C:\Users\dark_\Downloads\Project_2 - Copy\Images\manga-8315-12703_0.fits,Images/manga-8315-12703_0.fits,ok
manga-8319-12702,199.061490533,47.5993643925,0.0573401,4,manga,1,0.0,1.0,0.0,0.0,1,0,C:\Users\dark_\Downloads\Project_2 - Copy\Images\manga-8319-12702_0.fits,Images/manga-8319-12702_0.fits,ok
manga-8319-1902,199.381778619,47.6766457959,0.0269767,8,manga,2,0.0,0.0,1.0,0.0,0,1,C:\Users\dark_\Downloads\Project_2 - Copy\Images\manga-8319-1902_0.fits,Images/manga-8319-1902_0.fits,ok
manga-8319-3703,201.283303096,48.344505797,0.0688838,4,manga,1,0.0,1.0,0.0,0.0,1,0,C:\Users\dark_\Downloads\Project_2 - Copy\Images\manga-8319-3703_0.fits,Images/manga-8319-3703_0.fits,ok
manga-8320-3701,206.514715269,22.1188427337,0.0276671,4,manga,1,0.0,1.0,0.0,0.0,1,0,C:\Users\dark_\Downloads\Project_2 - Copy\Images\manga-8320-3701_0.fits,Images/manga-8320-3701_0.fits,ok
manga-8320-6102,205.782134401,22.1758149643,0.0277862,4,manga,1,0.0,1.0,0.0,0.0,1,0,C:\Users\dark_\Downloads\Project_2 - Copy\Images\manga-8320-6102_0.fits,Images/manga-8320-6102_0.fits,ok
manga-8321-6101,195.633181919,28.4393347683,0.0199005,8,manga,2,0.0,0.0,1.0,0.0,0,1,C:\Users\dark_\Downloads\Project_2 - Copy\Images\manga-8321-6101_0.fits,Images/manga-8321-6101_0.fits,ok
manga-8322-12704,199.051371303,30.9502990173,0.0186529,4,manga,1,0.0,1.0,0.0,0.0,1,0,C:\Users\dark_\Downloads\Project_2 - Copy\Images\manga-8322-12704_0.fits,Images/manga-8322-12704_0.fits,ok
manga-8322-12705,201.105947287,30.9592888955,0.0485022,12,manga,3,0.0,0.0,0.0,1.0,1,1,C:\Users\dark_\Downloads\Project_2 - Copy\Images\manga-8322-12705_0.fits,Images/manga-8322-12705_0.fits,ok
manga-8322-1901,198.784245451,30.4037749681,0.0231544,12,manga,3,0.0,0.0,0.0,1.0,1,1,C:\Users\dark_\Downloads\Project_2 - Copy\Images\manga-8322-1901_0.fits,Images/manga-8322-1901_0.fits,ok
manga-8323-6101,196.978400702,34.0870995491,0.03365,4,manga,1,0.0,1.0,0.0,0.0,1,0,C:\Users\dark_\Downloads\Project_2 - Copy\Images\manga-8323-6101_0.fits,Images/manga-8323-6101_0.fits,ok
manga-8324-12702,197.879163852,46.3417588233,0.0297499,4,manga,1,0.0,1.0,0.0,0.0,1,0,C:\Users\dark_\Downloads\Project_2 - Copy\Images\manga-8324-12702_0.fits,Images/manga-8324-12702_0.fits,ok
manga-8325-12703,213.149187912,47.2530577,0.0280844,12,manga,3,0.0,0.0,0.0,1.0,1,1,C:\Users\dark_\Downloads\Project_2 - Copy\Images\manga-8325-12703_0.fits,Images/manga-8325-12703_0.fits,ok
manga-8326-1902,214.854653976,45.8642518321,0.0266855,12,manga,3,0.0,0.0,0.0,1.0,1,1,C:\Users\dark_\Downloads\Project_2 - Copy\Images\manga-8326-1902_0.fits,Images/manga-8326-1902_0.fits,ok
manga-8326-6102,215.017906947,47.1213302326,0.0703766,4,manga,1,0.0,1.0,0.0,0.0,1,0,C:\Users\dark_\Downloads\Project_2 - Copy\Images\manga-8326-6102_0.fits,Images/manga-8326-6102_0.fits,ok
manga-8326-6103,214.818992501,48.0610045702,0.0522185,4,manga,1,0.0,1.0,0.0,0.0,1,0,C:\Users\dark_\Downloads\Project_2 - Copy\Images\manga-8326-6103_0.fits,Images/manga-8326-6103_0.fits,ok
manga-8327-12702,204.807938343,44.251001563,0.033984,4,manga,1,0.0,1.0,0.0,0.0,1,0,C:\Users\dark_\Downloads\Project_2 - Copy\Images\manga-8327-12702_0.fits,Images/manga-8327-12702_0.fits,ok
manga-8327-3702,203.653215413,46.1540879549,0.0366213,8,manga,2,0.0,0.0,1.0,0.0,0,1,C:\Users\dark_\Downloads\Project_2 - Copy\Images\manga-8327-3702_0.fits,Images/manga-8327-3702_0.fits,ok
manga-8329-6104,213.110482013,45.6904101161,0.0269954,4,manga,1,0.0,1.0,0.0,0.0,1,0,C:\Users\dark_\Downloads\Project_2 - Copy\Images\manga-8329-6104_0.fits,Images/manga-8329-6104_0.fits,ok
manga-8331-12702,204.99108268,41.3380714808,0.132899,4,manga,1,0.0,1.0,0.0,0.0,1,0,C:\Users\dark_\Downloads\Project_2 - Copy\Images\manga-8331-12702_0.fits,Images/manga-8331-12702_0.fits,ok
manga-8331-12705,206.334432527,41.3889308304,0.0595015,4,manga,1,0.0,1.0,0.0,0.0,1,0,C:\Users\dark_\Downloads\Project_2 - Copy\Images\manga-8331-12705_0.fits,Images/manga-8331-12705_0.fits,ok
manga-8332-6103,207.657429867,43.764131306,0.0485651,4,manga,1,0.0,1.0,0.0,0.0,1,0,C:\Users\dark_\Downloads\Project_2 - Copy\Images\manga-8332-6103_0.fits,Images/manga-8332-6103_0.fits,ok
manga-8334-3701,213.123697004,39.2511786235,0.0251266,4,manga,1,0.0,1.0,0.0,0.0,1,0,C:\Users\dark_\Downloads\Project_2 - Copy\Images\manga-8334-3701_0.fits,Images/manga-8334-3701_0.fits,ok
manga-8336-6102,210.217782954,38.4180312572,0.0186698,8,manga,2,0.0,0.0,1.0,0.0,0,1,C:\Users\dark_\Downloads\Project_2 - Copy\Images\manga-8336-6102_0.fits,Images/manga-8336-6102_0.fits,ok
manga-8337-6102,214.642100658,37.024420277,0.0327929,4,manga,1,0.0,1.0,0.0,0.0,1,0,C:\Users\dark_\Downloads\Project_2 - Copy\Images\manga-8337-6102_0.fits,Images/manga-8337-6102_0.fits,ok
manga-8341-1901,190.582431495,45.4378646384,0.0468046,4,manga,1,0.0,1.0,0.0,0.0,1,0,C:\Users\dark_\Downloads\Project_2 - Copy\Images\manga-8341-1901_0.fits,Images/manga-8341-1901_0.fits,ok
manga-8341-6101,190.394645188,44.4913906069,0.0316072,4,manga,1,0.0,1.0,0.0,0.0,1,0,C:\Users\dark_\Downloads\Project_2 - Copy\Images\manga-8341-6101_0.fits,Images/manga-8341-6101_0.fits,ok
manga-8440-3703,136.200279581,40.591721496,0.0270093,12,manga,3,0.0,0.0,0.0,1.0,1,1,C:\Users\dark_\Downloads\Project_2 - Copy\Images\manga-8440-3703_0.fits,Images/manga-8440-3703_0.fits,ok
manga-8441-3704,225.698795548,38.0422407327,0.0287463,4,manga,1,0.0,1.0,0.0,0.0,1,0,C:\Users\dark_\Downloads\Project_2 - Copy\Images\manga-8441-3704_0.fits,Images/manga-8441-3704_0.fits,ok
manga-8442-3704,200.09349072,31.5811703262,0.0452901,8,manga,2,0.0,0.0,1.0,0.0,0,1,C:\Users\dark_\Downloads\Project_2 - Copy\Images\manga-8442-3704_0.fits,Images/manga-8442-3704_0.fits,ok
manga-8443-3702,207.067074342,25.7334869762,0.0369994,8,manga,2,0.0,0.0,1.0,0.0,0,1,C:\Users\dark_\Downloads\Project_2 - Copy\Images\manga-8443-3702_0.fits,Images/manga-8443-3702_0.fits,ok
manga-8443-6102,207.061565491,24.7777196101,0.0274142,4,manga,1,0.0,1.0,0.0,0.0,1,0,C:\Users\dark_\Downloads\Project_2 - Copy\Images\manga-8443-6102_0.fits,Images/manga-8443-6102_0.fits,ok
manga-8444-1901,202.628354582,32.6237092027,0.036935,4,manga,1,0.0,1.0,0.0,0.0,1,0,C:\Users\dark_\Downloads\Project_2 - Copy\Images\manga-8444-1901_0.fits,Images/manga-8444-1901_0.fits,ok
manga-8444-6104,203.246370466,32.3204465748,0.0347615,8,manga,2,0.0,0.0,1.0,0.0,0,1,C:\Users\dark_\Downloads\Project_2 - Copy\Images\manga-8444-6104_0.fits,Images/manga-8444-6104_0.fits,ok
manga-8444-9102,201.084201517,32.848118803,0.0388656,4,manga,1,0.0,1.0,0.0,0.0,1,0,C:\Users\dark_\Downloads\Project_2 - Copy\Images\manga-8444-9102_0.fits,Images/manga-8444-9102_0.fits,ok
manga-8445-6102,205.658735284,35.1212870556,0.0513427,4,manga,1,0.0,1.0,0.0,0.0,1,0,C:\Users\dark_\Downloads\Project_2 - Copy\Images\manga-8445-6102_0.fits,Images/manga-8445-6102_0.fits,ok
manga-8445-9101,204.917866221,35.0233605804,0.025059,4,manga,1,0.0,1.0,0.0,0.0,1,0,C:\Users\dark_\Downloads\Project_2 - Copy\Images\manga-8445-9101_0.fits,Images/manga-8445-9101_0.fits,ok
manga-8447-3704,208.227705444,39.248191148,0.0523271,4,manga,1,0.0,1.0,0.0,0.0,1,0,C:\Users\dark_\Downloads\Project_2 - Copy\Images\manga-8447-3704_0.fits,Images/manga-8447-3704_0.fits,ok
manga-8449-3701,167.509279042,21.9821746509,0.0316182,8,manga,2,0.0,0.0,1.0,0.0,0,1,C:\Users\dark_\Downloads\Project_2 - Copy\Images\manga-8449-3701_0.fits,Images/manga-8449-3701_0.fits,ok
manga-8450-6101,172.143172769,21.0106965128,0.0207675,12,manga,3,0.0,0.0,0.0,1.0,1,1,C:\Users\dark_\Downloads\Project_2 - Copy\Images\manga-8450-6101_0.fits,Images/manga-8450-6101_0.fits,ok
manga-8450-6104,172.607537655,22.2165297033,0.0392908,8,manga,2,0.0,0.0,1.0,0.0,0,1,C:\Users\dark_\Downloads\Project_2 - Copy\Images\manga-8450-6104_0.fits,Images/manga-8450-6104_0.fits,ok
manga-8452-1902,157.77930272,48.0148303874,0.058703,4,manga,1,0.0,1.0,0.0,0.0,1,0,C:\Users\dark_\Downloads\Project_2 - Copy\Images\manga-8452-1902_0.fits,Images/manga-8452-1902_0.fits,ok
manga-8453-12701,151.309949901,46.6508890341,0.0251003,4,manga,1,0.0,1.0,0.0,0.0,1,0,C:\Users\dark_\Downloads\Project_2 - Copy\Images\manga-8453-12701_0.fits,Images/manga-8453-12701_0.fits,ok
manga-8455-3704,157.6859,40.05744,0.0231081,4,manga,1,0.0,1.0,0.0,0.0,1,0,C:\Users\dark_\Downloads\Project_2 - Copy\Images\manga-8455-3704_0.fits,Images/manga-8455-3704_0.fits,ok
manga-8456-6101,151.22091438,44.6361226294,0.0232019,12,manga,3,0.0,0.0,0.0,1.0,1,1,C:\Users\dark_\Downloads\Project_2 - Copy\Images\manga-8456-6101_0.fits,Images/manga-8456-6101_0.fits,ok
manga-8462-3701,143.042751427,36.8271433682,0.0529626,8,manga,2,0.0,0.0,1.0,0.0,0,1,C:\Users\dark_\Downloads\Project_2 - Copy\Images\manga-8462-3701_0.fits,Images/manga-8462-3701_0.fits,ok
manga-8464-1902,186.4008708,45.0838596746,0.0383813,8,manga,2,0.0,0.0,1.0,0.0,0,1,C:\Users\dark_\Downloads\Project_2 - Copy\Images\manga-8464-1902_0.fits,Images/manga-8464-1902_0.fits,ok
manga-8465-12705,198.236315095,47.4566280096,0.0281378,12,manga,3,0.0,0.0,0.0,1.0,1,1,C:\Users\dark_\Downloads\Project_2 - Copy\Images\manga-8465-12705_0.fits,Images/manga-8465-12705_0.fits,ok
manga-8465-9102,198.189163092,46.9349872724,0.0276805,8,manga,2,0.0,0.0,1.0,0.0,0,1,C:\Users\dark_\Downloads\Project_2 - Copy\Images\manga-8465-9102_0.fits,Images/manga-8465-9102_0.fits,ok
manga-8481-6102,239.554209025,54.6155620453,0.0468873,4,manga,1,0.0,1.0,0.0,0.0,1,0,C:\Users\dark_\Downloads\Project_2 - Copy\Images\manga-8481-6102_0.fits,Images/manga-8481-6102_0.fits,ok
manga-8482-6104,244.554023309,49.8684236306,0.0559899,12,manga,3,0.0,0.0,0.0,1.0,1,1,C:\Users\dark_\Downloads\Project_2 - Copy\Images\manga-8482-6104_0.fits,Images/manga-8482-6104_0.fits,ok
manga-8482-9101,241.799551053,48.5725625102,0.043419,4,manga,1,0.0,1.0,0.0,0.0,1,0,C:\Users\dark_\Downloads\Project_2 - Copy\Images\manga-8482-9101_0.fits,Images/manga-8482-9101_0.fits,ok
manga-8483-12703,245.248313831,49.0017772161,0.0582143,4,manga,1,0.0,1.0,0.0,0.0,1,0,C:\Users\dark_\Downloads\Project_2 - Copy\Images\manga-8483-12703_0.fits,Images/manga-8483-12703_0.fits,ok
manga-8483-3701,245.454365212,47.0521180262,0.029506,12,manga,3,0.0,0.0,0.0,1.0,1,1,C:\Users\dark_\Downloads\Project_2 - Copy\Images\manga-8483-3701_0.fits,Images/manga-8483-3701_0.fits,ok
manga-8487-9102,240.214208512,46.481412426,0.043196,8,manga,2,0.0,0.0,1.0,0.0,0,1,C:\Users\dark_\Downloads\Project_2 - Copy\Images\manga-8487-9102_0.fits,Images/manga-8487-9102_0.fits,ok
manga-8546-6102,238.857221445,50.8029634626,0.0451178,4,manga,1,0.0,1.0,0.0,0.0,1,0,C:\Users\dark_\Downloads\Project_2 - Copy\Images\manga-8546-6102_0.fits,Images/manga-8546-6102_0.fits,ok
manga-8546-9102,238.073925811,50.154158496,0.0416719,4,manga,1,0.0,1.0,0.0,0.0,1,0,C:\Users\dark_\Downloads\Project_2 - Copy\Images\manga-8546-9102_0.fits,Images/manga-8546-9102_0.fits,ok
manga-8550-12703,247.674430234,40.5293893805,0.0298122,4,manga,1,0.0,1.0,0.0,0.0,1,0,C:\Users\dark_\Downloads\Project_2 - Copy\Images\manga-8550-12703_0.fits,Images/manga-8550-12703_0.fits,ok
manga-8550-12704,247.058405986,40.3138366723,0.0331055,4,manga,1,0.0,1.0,0.0,0.0,1,0,C:\Users\dark_\Downloads\Project_2 - Copy\Images\manga-8550-12704_0.fits,Images/manga-8550-12704_0.fits,ok
manga-8550-12705,249.135695215,39.0278800132,0.029986,4,manga,1,0.0,1.0,0.0,0.0,1,0,C:\Users\dark_\Downloads\Project_2 - Copy\Images\manga-8550-12705_0.fits,Images/manga-8550-12705_0.fits,ok
manga-8550-6103,247.638690535,39.8307262255,0.0245559,4,manga,1,0.0,1.0,0.0,0.0,1,0,C:\Users\dark_\Downloads\Project_2 - Copy\Images\manga-8550-6103_0.fits,Images/manga-8550-6103_0.fits,ok
manga-8552-9101,226.911930178,44.5562592519,0.066094,4,manga,1,0.0,1.0,0.0,0.0,1,0,C:\Users\dark_\Downloads\Project_2 - Copy\Images\manga-8552-9101_0.fits,Images/manga-8552-9101_0.fits,ok
manga-8553-12704,234.292946668,57.5762330408,0.0724912,4,manga,1,0.0,1.0,0.0,0.0,1,0,C:\Users\dark_\Downloads\Project_2 - Copy\Images\manga-8553-12704_0.fits,Images/manga-8553-12704_0.fits,ok
manga-8553-6103,231.50295368,56.8268193295,0.0516182,8,manga,2,0.0,0.0,1.0,0.0,0,1,C:\Users\dark_\Downloads\Project_2 - Copy\Images\manga-8553-6103_0.fits,Images/manga-8553-6103_0.fits,ok
manga-8554-12703,182.793141475,37.5153531477,0.0889054,4,manga,1,0.0,1.0,0.0,0.0,1,0,C:\Users\dark_\Downloads\Project_2 - Copy\Images\manga-8554-12703_0.fits,Images/manga-8554-12703_0.fits,ok
manga-8554-3703,183.396894412,35.8001755194,0.0335626,8,manga,2,0.0,0.0,1.0,0.0,0,1,C:\Users\dark_\Downloads\Project_2 - Copy\Images\manga-8554-3703_0.fits,Images/manga-8554-3703_0.fits,ok
manga-8562-12704,244.97294948,51.5465148353,0.0472693,4,manga,1,0.0,1.0,0.0,0.0,1,0,C:\Users\dark_\Downloads\Project_2 - Copy\Images\manga-8562-12704_0.fits,Images/manga-8562-12704_0.fits,ok
manga-8562-12705,244.721465387,50.4328644768,0.0537406,4,manga,1,0.0,1.0,0.0,0.0,1,0,C:\Users\dark_\Downloads\Project_2 - Copy\Images\manga-8562-12705_0.fits,Images/manga-8562-12705_0.fits,ok
manga-8562-6103,244.1876,52.016733,0.0326393,4,manga,1,0.0,1.0,0.0,0.0,1,0,C:\Users\dark_\Downloads\Project_2 - Copy\Images\manga-8562-6103_0.fits,Images/manga-8562-6103_0.fits,ok
manga-8563-1901,241.413979846,50.0945120833,0.0538963,4,manga,1,0.0,1.0,0.0,0.0,1,0,C:\Users\dark_\Downloads\Project_2 - Copy\Images\manga-8563-1901_0.fits,Images/manga-8563-1901_0.fits,ok
manga-8564-12704,240.429062144,48.8279268869,0.042842,4,manga,1,0.0,1.0,0.0,0.0,1,0,C:\Users\dark_\Downloads\Project_2 - Copy\Images\manga-8564-12704_0.fits,Images/manga-8564-12704_0.fits,ok
manga-8566-3702,113.365500667,41.8858374185,0.0196408,8,manga,2,0.0,0.0,1.0,0.0,0,1,C:\Users\dark_\Downloads\Project_2 - Copy\Images\manga-8566-3702_0.fits,Images/manga-8566-3702_0.fits,ok
manga-8567-6103,118.85585368,48.4384160642,0.0219693,4,manga,1,0.0,1.0,0.0,0.0,1,0,C:\Users\dark_\Downloads\Project_2 - Copy\Images\manga-8567-6103_0.fits,Images/manga-8567-6103_0.fits,ok
manga-8569-12701,9.43942294103,14.7116236458,0.0576255,4,manga,1,0.0,1.0,0.0,0.0,1,0,C:\Users\dark_\Downloads\Project_2 - Copy\Images\manga-8569-12701_0.fits,Images/manga-8569-12701_0.fits,ok
manga-8569-3703,10.3141733233,15.2651014118,0.103362,8,manga,2,0.0,0.0,1.0,0.0,0,1,C:\Users\dark_\Downloads\Project_2 - Copy\Images\manga-8569-3703_0.fits,Images/manga-8569-3703_0.fits,ok
manga-8570-3701,22.4204240815,14.505107792,0.0216233,4,manga,1,0.0,1.0,0.0,0.0,1,0,C:\Users\dark_\Downloads\Project_2 - Copy\Images\manga-8570-3701_0.fits,Images/manga-8570-3701_0.fits,ok
manga-8588-3701,248.140561423,39.1310206842,0.130272,4,manga,1,0.0,1.0,0.0,0.0,1,0,C:\Users\dark_\Downloads\Project_2 - Copy\Images\manga-8588-3701_0.fits,Images/manga-8588-3701_0.fits,ok
manga-8588-3704,250.969273528,39.9833981175,0.0299994,8,manga,2,0.0,0.0,1.0,0.0,0,1,C:\Users\dark_\Downloads\Project_2 - Copy\Images\manga-8588-3704_0.fits,Images/manga-8588-3704_0.fits,ok
manga-8589-6102,226.165949489,54.7140036338,0.0295738,12,manga,3,0.0,0.0,0.0,1.0,1,1,C:\Users\dark_\Downloads\Project_2 - Copy\Images\manga-8589-6102_0.fits,Images/manga-8589-6102_0.fits,ok
manga-8591-6104,214.863290152,54.1002998827,0.0425797,4,manga,1,0.0,1.0,0.0,0.0,1,0,C:\Users\dark_\Downloads\Project_2 - Copy\Images\manga-8591-6104_0.fits,Images/manga-8591-6104_0.fits,ok
manga-8591-9101,212.259249772,54.5562038875,0.0757792,4,manga,1,0.0,1.0,0.0,0.0,1,0,C:\Users\dark_\Downloads\Project_2 - Copy\Images\manga-8591-9101_0.fits,Images/manga-8591-9101_0.fits,ok
manga-8595-6104,219.396614145,51.5831340853,0.0436696,4,manga,1,0.0,1.0,0.0,0.0,1,0,C:\Users\dark_\Downloads\Project_2 - Copy\Images\manga-8595-6104_0.fits,Images/manga-8595-6104_0.fits,ok
manga-8596-12704,231.662808527,50.3190703516,0.0371548,4,manga,1,0.0,1.0,0.0,0.0,1,0,C:\Users\dark_\Downloads\Project_2 - Copy\Images\manga-8596-12704_0.fits,Images/manga-8596-12704_0.fits,ok
manga-8596-6101,231.443497269,48.4911727281,0.0366042,4,manga,1,0.0,1.0,0.0,0.0,1,0,C:\Users\dark_\Downloads\Project_2 - Copy\Images\manga-8596-6101_0.fits,Images/manga-8596-6101_0.fits,ok
manga-8597-12703,225.388973978,49.1124291187,0.0259833,4,manga,1,0.0,1.0,0.0,0.0,1,0,C:\Users\dark_\Downloads\Project_2 - Copy\Images\manga-8597-12703_0.fits,Images/manga-8597-12703_0.fits,ok
manga-8597-6102,225.807374327,48.8988712756,0.0656778,4,manga,1,0.0,1.0,0.0,0.0,1,0,C:\Users\dark_\Downloads\Project_2 - Copy\Images\manga-8597-6102_0.fits,Images/manga-8597-6102_0.fits,ok
manga-8598-12702,228.605456832,48.2508787898,0.0559477,4,manga,1,0.0,1.0,0.0,0.0,1,0,C:\Users\dark_\Downloads\Project_2 - Copy\Images\manga-8598-12702_0.fits,Images/manga-8598-12702_0.fits,ok
manga-8602-12705,247.4626868,39.7665109344,0.0318464,4,manga,1,0.0,1.0,0.0,0.0,1,0,C:\Users\dark_\Downloads\Project_2 - Copy\Images\manga-8602-12705_0.fits,Images/manga-8602-12705_0.fits,ok
manga-8603-12702,246.869310993,38.8691083472,0.0276667,4,manga,1,0.0,1.0,0.0,0.0,1,0,C:\Users\dark_\Downloads\Project_2 - Copy\Images\manga-8603-12702_0.fits,Images/manga-8603-12702_0.fits,ok
manga-8603-12703,247.282646413,40.6650474998,0.0299683,4,manga,1,0.0,1.0,0.0,0.0,1,0,C:\Users\dark_\Downloads\Project_2 - Copy\Images\manga-8603-12703_0.fits,Images/manga-8603-12703_0.fits,ok
manga-8604-12701,245.886475694,39.121095897,0.0350385,4,manga,1,0.0,1.0,0.0,0.0,1,0,C:\Users\dark_\Downloads\Project_2 - Copy\Images\manga-8604-12701_0.fits,Images/manga-8604-12701_0.fits,ok
manga-8604-12703,247.76417484,39.838503868,0.0305383,4,manga,1,0.0,1.0,0.0,0.0,1,0,C:\Users\dark_\Downloads\Project_2 - Copy\Images\manga-8604-12703_0.fits,Images/manga-8604-12703_0.fits,ok
manga-8604-9101,247.333327133,39.4289925576,0.0277531,4,manga,1,0.0,1.0,0.0,0.0,1,0,C:\Users\dark_\Downloads\Project_2 - Copy\Images\manga-8604-9101_0.fits,Images/manga-8604-9101_0.fits,ok
manga-8606-12701,255.029869751,37.8395021377,0.0633343,4,manga,1,0.0,1.0,0.0,0.0,1,0,C:\Users\dark_\Downloads\Project_2 - Copy\Images\manga-8606-12701_0.fits,Images/manga-8606-12701_0.fits,ok
manga-8606-3701,254.997419646,36.0290774727,0.0573351,4,manga,1,0.0,1.0,0.0,0.0,1,0,C:\Users\dark_\Downloads\Project_2 - Copy\Images\manga-8606-3701_0.fits,Images/manga-8606-3701_0.fits,ok
manga-8609-12701,245.741625745,14.6027925265,0.0291269,4,manga,1,0.0,1.0,0.0,0.0,1,0,C:\Users\dark_\Downloads\Project_2 - Copy\Images\manga-8609-12701_0.fits,Images/manga-8609-12701_0.fits,ok
manga-8609-3704,246.89838091,14.1985929852,0.0507754,8,manga,2,0.0,0.0,1.0,0.0,0,1,C:\Users\dark_\Downloads\Project_2 - Copy\Images\manga-8609-3704_0.fits,Images/manga-8609-3704_0.fits,ok
manga-8610-12701,254.455390225,60.5212195375,0.0717368,4,manga,1,0.0,1.0,0.0,0.0,1,0,C:\Users\dark_\Downloads\Project_2 - Copy\Images\manga-8610-12701_0.fits,Images/manga-8610-12701_0.fits,ok
manga-8610-6104,257.712081147,61.3249310753,0.0313179,12,manga,3,0.0,0.0,0.0,1.0,1,1,C:\Users\dark_\Downloads\Project_2 - Copy\Images\manga-8610-6104_0.fits,Images/manga-8610-6104_0.fits,ok
manga-8611-3701,261.841245626,59.6438000804,0.0277941,8,manga,2,0.0,0.0,1.0,0.0,0,1,C:\Users\dark_\Downloads\Project_2 - Copy\Images\manga-8611-3701_0.fits,Images/manga-8611-3701_0.fits,ok
manga-8612-6104,255.006946004,38.8160093546,0.0355774,4,manga,1,0.0,1.0,0.0,0.0,1,0,C:\Users\dark_\Downloads\Project_2 - Copy\Images\manga-8612-6104_0.fits,Images/manga-8612-6104_0.fits,ok
manga-8614-12703,258.118528764,35.8840862863,0.026418,12,manga,3,0.0,0.0,0.0,1.0,1,1,C:\Users\dark_\Downloads\Project_2 - Copy\Images\manga-8614-12703_0.fits,Images/manga-8614-12703_0.fits,ok
manga-8615-1902,319.751163159,-0.963991563033,0.0195093,8,manga,2,0.0,0.0,1.0,0.0,0,1,C:\Users\dark_\Downloads\Project_2 - Copy\Images\manga-8615-1902_0.fits,Images/manga-8615-1902_0.fits,ok
manga-8615-6104,319.901867923,0.704249718837,0.0346836,4,manga,1,0.0,1.0,0.0,0.0,1,0,C:\Users\dark_\Downloads\Project_2 - Copy\Images\manga-8615-6104_0.fits,Images/manga-8615-6104_0.fits,ok
manga-8616-3703,322.510226454,0.464198663396,0.135063,4,manga,1,0.0,1.0,0.0,0.0,1,0,C:\Users\dark_\Downloads\Project_2 - Copy\Images\manga-8616-3703_0.fits,Images/manga-8616-3703_0.fits,ok
manga-8617-12701,324.279450315,0.644008327505,0.0852149,4,manga,1,0.0,1.0,0.0,0.0,1,0,C:\Users\dark_\Downloads\Project_2 - Copy\Images\manga-8617-12701_0.fits,Images/manga-8617-12701_0.fits,ok
manga-8617-12703,326.716032653,0.356270988091,0.0751843,4,manga,1,0.0,1.0,0.0,0.0,1,0,C:\Users\dark_\Downloads\Project_2 - Copy\Images\manga-8617-12703_0.fits,Images/manga-8617-12703_0.fits,ok
manga-8618-9101,318.086563754,11.2202360427,0.0175331,4,manga,1,0.0,1.0,0.0,0.0,1,0,C:\Users\dark_\Downloads\Project_2 - Copy\Images\manga-8618-9101_0.fits,Images/manga-8618-9101_0.fits,ok
manga-8619-12701,322.242776107,11.3665010958,0.029211,4,manga,1,0.0,1.0,0.0,0.0,1,0,C:\Users\dark_\Downloads\Project_2 - Copy\Images\manga-8619-12701_0.fits,Images/manga-8619-12701_0.fits,ok
manga-8619-3703,323.33666397,11.5934174348,0.0612974,4,manga,1,0.0,1.0,0.0,0.0,1,0,C:\Users\dark_\Downloads\Project_2 - Copy\Images\manga-8619-3703_0.fits,Images/manga-8619-3703_0.fits,ok
manga-8621-12704,351.957182437,15.1192316032,0.0418962,4,manga,1,0.0,1.0,0.0,0.0,1,0,C:\Users\dark_\Downloads\Project_2 - Copy\Images\manga-8621-12704_0.fits,Images/manga-8621-12704_0.fits,ok
manga-8622-12701,351.20103164,15.0000644401,0.0307243,4,manga,1,0.0,1.0,0.0,0.0,1,0,C:\Users\dark_\Downloads\Project_2 - Copy\Images\manga-8622-12701_0.fits,Images/manga-8622-12701_0.fits,ok
manga-8623-12704,311.829452336,0.320794803727,0.0140106,4,manga,1,0.0,1.0,0.0,0.0,1,0,C:\Users\dark_\Downloads\Project_2 - Copy\Images\manga-8623-12704_0.fits,Images/manga-8623-12704_0.fits,ok
manga-8623-3701,310.450014189,-0.468315984158,0.0269389,12,manga,3,0.0,0.0,0.0,1.0,1,1,C:\Users\dark_\Downloads\Project_2 - Copy\Images\manga-8623-3701_0.fits,Images/manga-8623-3701_0.fits,ok
manga-8623-9101,311.347364242,0.492528629548,0.013354,4,manga,1,0.0,1.0,0.0,0.0,1,0,C:\Users\dark_\Downloads\Project_2 - Copy\Images\manga-8623-9101_0.fits,Images/manga-8623-9101_0.fits,ok
manga-8625-3704,260.386495726,56.9888518274,0.0300622,8,manga,2,0.0,0.0,1.0,0.0,0,1,C:\Users\dark_\Downloads\Project_2 - Copy\Images\manga-8625-3704_0.fits,Images/manga-8625-3704_0.fits,ok
manga-8626-1902,264.84079,56.56707,0.0818277,4,manga,1,0.0,1.0,0.0,0.0,1,0,C:\Users\dark_\Downloads\Project_2 - Copy\Images\manga-8626-1902_0.fits,Images/manga-8626-1902_0.fits,ok
manga-8626-6104,263.033161018,56.8787475343,0.0281076,4,manga,1,0.0,1.0,0.0,0.0,1,0,C:\Users\dark_\Downloads\Project_2 - Copy\Images\manga-8626-6104_0.fits,Images/manga-8626-6104_0.fits,ok
manga-8626-9102,263.439318809,56.7085357468,0.0301676,8,manga,2,0.0,0.0,1.0,0.0,0,1,C:\Users\dark_\Downloads\Project_2 - Copy\Images\manga-8626-9102_0.fits,Images/manga-8626-9102_0.fits,ok
manga-8652-1901,328.844703891,-0.0148441010006,0.0267021,8,manga,2,0.0,0.0,1.0,0.0,0,1,C:\Users\dark_\Downloads\Project_2 - Copy\Images\manga-8652-1901_0.fits,Images/manga-8652-1901_0.fits,ok
manga-8652-6104,331.293035465,0.336972542227,0.043016,4,manga,1,0.0,1.0,0.0,0.0,1,0,C:\Users\dark_\Downloads\Project_2 - Copy\Images\manga-8652-6104_0.fits,Images/manga-8652-6104_0.fits,ok
manga-8654-12701,353.444468017,-0.66622363895,0.0576437,4,manga,1,0.0,1.0,0.0,0.0,1,0,C:\Users\dark_\Downloads\Project_2 - Copy\Images\manga-8654-12701_0.fits,Images/manga-8654-12701_0.fits,ok
manga-8654-12704,355.266349387,1.02408115539,0.0837281,4,manga,1,0.0,1.0,0.0,0.0,1,0,C:\Users\dark_\Downloads\Project_2 - Copy\Images\manga-8654-12704_0.fits,Images/manga-8654-12704_0.fits,ok
manga-8656-3702,7.12272652365,0.781030457159,0.0403013,4,manga,1,0.0,1.0,0.0,0.0,1,0,C:\Users\dark_\Downloads\Project_2 - Copy\Images\manga-8656-3702_0.fits,Images/manga-8656-3702_0.fits,ok
manga-8656-6103,7.29345626963,-0.163789254964,0.0608047,4,manga,1,0.0,1.0,0.0,0.0,1,0,C:\Users\dark_\Downloads\Project_2 - Copy\Images\manga-8656-6103_0.fits,Images/manga-8656-6103_0.fits,ok
manga-8657-1902,9.56485395306,-0.967405560911,0.0678405,4,manga,1,0.0,1.0,0.0,0.0,1,0,C:\Users\dark_\Downloads\Project_2 - Copy\Images\manga-8657-1902_0.fits,Images/manga-8657-1902_0.fits,ok
manga-8657-3701,9.11575087486,0.577002475521,0.0411217,4,manga,1,0.0,1.0,0.0,0.0,1,0,C:\Users\dark_\Downloads\Project_2 - Copy\Images\manga-8657-3701_0.fits,Images/manga-8657-3701_0.fits,ok
manga-8657-6101,9.39920356323,0.280661865228,0.0349048,12,manga,3,0.0,0.0,0.0,1.0,1,1,C:\Users\dark_\Downloads\Project_2 - Copy\Images\manga-8657-6101_0.fits,Images/manga-8657-6101_0.fits,ok
manga-8710-9101,117.329417587,50.1118996627,0.0603901,8,manga,2,0.0,0.0,1.0,0.0,0,1,C:\Users\dark_\Downloads\Project_2 - Copy\Images\manga-8710-9101_0.fits,Images/manga-8710-9101_0.fits,ok
manga-8712-1901,119.973719867,55.374818222,0.0357313,12,manga,3,0.0,0.0,0.0,1.0,1,1,C:\Users\dark_\Downloads\Project_2 - Copy\Images\manga-8712-1901_0.fits,Images/manga-8712-1901_0.fits,ok
manga-8713-9102,118.855393765,39.1860944299,0.0331647,4,manga,1,0.0,1.0,0.0,0.0,1,0,C:\Users\dark_\Downloads\Project_2 - Copy\Images\manga-8713-9102_0.fits,Images/manga-8713-9102_0.fits,ok
manga-8718-9101,121.762714327,45.6764274955,0.0502249,4,manga,1,0.0,1.0,0.0,0.0,1,0,C:\Users\dark_\Downloads\Project_2 - Copy\Images\manga-8718-9101_0.fits,Images/manga-8718-9101_0.fits,ok
manga-8719-3704,121.407989784,46.7074015972,0.0230931,4,manga,1,0.0,1.0,0.0,0.0,1,0,C:\Users\dark_\Downloads\Project_2 - Copy\Images\manga-8719-3704_0.fits,Images/manga-8719-3704_0.fits,ok
manga-8721-6104,135.605853216,55.6092288245,0.0813249,8,manga,2,0.0,0.0,1.0,0.0,0,1,C:\Users\dark_\Downloads\Project_2 - Copy\Images\manga-8721-6104_0.fits,Images/manga-8721-6104_0.fits,ok
manga-8722-12702,124.556748682,49.2508538132,0.0432682,4,manga,1,0.0,1.0,0.0,0.0,1,0,C:\Users\dark_\Downloads\Project_2 - Copy\Images\manga-8722-12702_0.fits,Images/manga-8722-12702_0.fits,ok
manga-8723-12702,127.400274525,54.0277610927,0.0468846,4,manga,1,0.0,1.0,0.0,0.0,1,0,C:\Users\dark_\Downloads\Project_2 - Copy\Images\manga-8723-12702_0.fits,Images/manga-8723-12702_0.fits,ok
manga-8723-12705,129.804014054,53.6235334259,0.0320651,4,manga,1,0.0,1.0,0.0,0.0,1,0,C:\Users\dark_\Downloads\Project_2 - Copy\Images\manga-8723-12705_0.fits,Images/manga-8723-12705_0.fits,ok
manga-8723-1901,130.466455938,54.9777089916,0.0258236,8,manga,2,0.0,0.0,1.0,0.0,0,1,C:\Users\dark_\Downloads\Project_2 - Copy\Images\manga-8723-1901_0.fits,Images/manga-8723-1901_0.fits,ok
manga-8723-3703,128.885441625,54.512370758,0.0320415,4,manga,1,0.0,1.0,0.0,0.0,1,0,C:\Users\dark_\Downloads\Project_2 - Copy\Images\manga-8723-3703_0.fits,Images/manga-8723-3703_0.fits,ok
manga-8725-3704,125.724140887,45.7187719073,0.0501992,4,manga,1,0.0,1.0,0.0,0.0,1,0,C:\Users\dark_\Downloads\Project_2 - Copy\Images\manga-8725-3704_0.fits,Images/manga-8725-3704_0.fits,ok
manga-8725-6102,125.459039868,45.5196357165,0.0541687,4,manga,1,0.0,1.0,0.0,0.0,1,0,C:\Users\dark_\Downloads\Project_2 - Copy\Images\manga-8725-6102_0.fits,Images/manga-8725-6102_0.fits,ok
manga-8726-12701,115.717036562,22.1127304695,0.0286472,4,manga,1,0.0,1.0,0.0,0.0,1,0,C:\Users\dark_\Downloads\Project_2 - Copy\Images\manga-8726-12701_0.fits,Images/manga-8726-12701_0.fits,ok
manga-8726-6102,116.647648978,22.4160585964,0.0472464,4,manga,1,0.0,1.0,0.0,0.0,1,0,C:\Users\dark_\Downloads\Project_2 - Copy\Images\manga-8726-6102_0.fits,Images/manga-8726-6102_0.fits,ok
manga-8931-9101,193.073835675,27.085552231,0.0209819,8,manga,2,0.0,0.0,1.0,0.0,0,1,C:\Users\dark_\Downloads\Project_2 - Copy\Images\manga-8931-9101_0.fits,Images/manga-8931-9101_0.fits,ok
manga-8932-6101,194.651506215,27.1041578286,0.0264916,8,manga,2,0.0,0.0,1.0,0.0,0,1,C:\Users\dark_\Downloads\Project_2 - Copy\Images\manga-8932-6101_0.fits,Images/manga-8932-6101_0.fits,ok
manga-8932-9101,196.033192066,27.9649688095,0.0198044,4,manga,1,0.0,1.0,0.0,0.0,1,0,C:\Users\dark_\Downloads\Project_2 - Copy\Images\manga-8932-9101_0.fits,Images/manga-8932-9101_0.fits,ok
manga-8934-12702,195.358852894,27.8859851519,0.018252,4,manga,1,0.0,1.0,0.0,0.0,1,0,C:\Users\dark_\Downloads\Project_2 - Copy\Images\manga-8934-12702_0.fits,Images/manga-8934-12702_0.fits,ok
manga-8934-12705,196.817348641,28.2839220476,0.0248033,8,manga,2,0.0,0.0,1.0,0.0,0,1,C:\Users\dark_\Downloads\Project_2 - Copy\Images\manga-8934-12705_0.fits,Images/manga-8934-12705_0.fits,ok
manga-8935-12703,194.575985397,29.1287943302,0.0263268,4,manga,1,0.0,1.0,0.0,0.0,1,0,C:\Users\dark_\Downloads\Project_2 - Copy\Images\manga-8935-12703_0.fits,Images/manga-8935-12703_0.fits,ok
manga-8936-12705,117.317912806,29.6647874781,0.0631111,4,manga,1,0.0,1.0,0.0,0.0,1,0,C:\Users\dark_\Downloads\Project_2 - Copy\Images\manga-8936-12705_0.fits,Images/manga-8936-12705_0.fits,ok
manga-8941-1901,120.723976721,28.4571247784,0.0772168,4,manga,1,0.0,1.0,0.0,0.0,1,0,C:\Users\dark_\Downloads\Project_2 - Copy\Images\manga-8941-1901_0.fits,Images/manga-8941-1901_0.fits,ok
manga-8942-12702,124.003309706,27.0758952047,0.0254964,4,manga,1,0.0,1.0,0.0,0.0,1,0,C:\Users\dark_\Downloads\Project_2 - Copy\Images\manga-8942-12702_0.fits,Images/manga-8942-12702_0.fits,ok
manga-8945-6104,174.128115553,47.8172263134,0.0338399,4,manga,1,0.0,1.0,0.0,0.0,1,0,C:\Users\dark_\Downloads\Project_2 - Copy\Images\manga-8945-6104_0.fits,Images/manga-8945-6104_0.fits,ok
manga-8945-9102,173.618706185,46.3605596127,0.0338424,4,manga,1,0.0,1.0,0.0,0.0,1,0,C:\Users\dark_\Downloads\Project_2 - Copy\Images\manga-8945-9102_0.fits,Images/manga-8945-9102_0.fits,ok
manga-8946-12702,169.823700352,47.6483583246,0.0344067,4,manga,1,0.0,1.0,0.0,0.0,1,0,C:\Users\dark_\Downloads\Project_2 - Copy\Images\manga-8946-12702_0.fits,Images/manga-8946-12702_0.fits,ok
manga-8946-3701,168.957726925,46.3195644483,0.0532814,4,manga,1,0.0,1.0,0.0,0.0,1,0,C:\Users\dark_\Downloads\Project_2 - Copy\Images\manga-8946-3701_0.fits,Images/manga-8946-3701_0.fits,ok
manga-8946-3704,170.35502801,46.2892276044,0.0244278,8,manga,2,0.0,0.0,1.0,0.0,0,1,C:\Users\dark_\Downloads\Project_2 - Copy\Images\manga-8946-3704_0.fits,Images/manga-8946-3704_0.fits,ok
manga-8948-12702,164.971102678,50.0152009606,0.0257135,4,manga,1,0.0,1.0,0.0,0.0,1,0,C:\Users\dark_\Downloads\Project_2 - Copy\Images\manga-8948-12702_0.fits,Images/manga-8948-12702_0.fits,ok
manga-8948-12704,167.306019605,49.5194324004,0.0724271,4,manga,1,0.0,1.0,0.0,0.0,1,0,C:\Users\dark_\Downloads\Project_2 - Copy\Images\manga-8948-12704_0.fits,Images/manga-8948-12704_0.fits,ok
manga-8948-6101,167.98139033,50.0838502624,0.0234202,8,manga,2,0.0,0.0,1.0,0.0,0,1,C:\Users\dark_\Downloads\Project_2 - Copy\Images\manga-8948-6101_0.fits,Images/manga-8948-6101_0.fits,ok
manga-8950-12704,195.208009735,27.4057748603,0.0219822,4,manga,1,0.0,1.0,0.0,0.0,1,0,C:\Users\dark_\Downloads\Project_2 - Copy\Images\manga-8950-12704_0.fits,Images/manga-8950-12704_0.fits,ok
manga-8952-12701,204.68383155,26.3285381656,0.028185,4,manga,1,0.0,1.0,0.0,0.0,1,0,C:\Users\dark_\Downloads\Project_2 - Copy\Images\manga-8952-12701_0.fits,Images/manga-8952-12701_0.fits,ok
manga-8952-3704,206.085721174,26.0841920472,0.0282688,8,manga,2,0.0,0.0,1.0,0.0,0,1,C:\Users\dark_\Downloads\Project_2 - Copy\Images\manga-8952-3704_0.fits,Images/manga-8952-3704_0.fits,ok
manga-8977-6103,116.753948833,34.3002847317,0.0615687,4,manga,1,0.0,1.0,0.0,0.0,1,0,C:\Users\dark_\Downloads\Project_2 - Copy\Images\manga-8977-6103_0.fits,Images/manga-8977-6103_0.fits,ok
manga-8978-1901,248.914682244,42.461295253,0.0317853,8,manga,2,0.0,0.0,1.0,0.0,0,1,C:\Users\dark_\Downloads\Project_2 - Copy\Images\manga-8978-1901_0.fits,Images/manga-8978-1901_0.fits,ok
manga-8978-3701,248.507466756,41.3479443965,0.0284125,4,manga,1,0.0,1.0,0.0,0.0,1,0,C:\Users\dark_\Downloads\Project_2 - Copy\Images\manga-8978-3701_0.fits,Images/manga-8978-3701_0.fits,ok
manga-8978-6101,249.056775643,40.7082929709,0.072013,8,manga,2,0.0,0.0,1.0,0.0,0,1,C:\Users\dark_\Downloads\Project_2 - Copy\Images\manga-8978-6101_0.fits,Images/manga-8978-6101_0.fits,ok
manga-8978-6104,251.335933471,42.757790046,0.0493123,8,manga,2,0.0,0.0,1.0,0.0,0,1,C:\Users\dark_\Downloads\Project_2 - Copy\Images\manga-8978-6104_0.fits,Images/manga-8978-6104_0.fits,ok
manga-8978-9101,247.907995888,41.4936431012,0.0303346,4,manga,1,0.0,1.0,0.0,0.0,1,0,C:\Users\dark_\Downloads\Project_2 - Copy\Images\manga-8978-9101_0.fits,Images/manga-8978-9101_0.fits,ok
manga-8979-3704,244.4229653,40.9338176284,0.0620948,4,manga,1,0.0,1.0,0.0,0.0,1,0,C:\Users\dark_\Downloads\Project_2 - Copy\Images\manga-8979-3704_0.fits,Images/manga-8979-3704_0.fits,ok
manga-8982-1901,202.05702837,26.4565408846,0.024672,4,manga,1,0.0,1.0,0.0,0.0,1,0,C:\Users\dark_\Downloads\Project_2 - Copy\Images\manga-8982-1901_0.fits,Images/manga-8982-1901_0.fits,ok
manga-8982-6103,201.334580598,27.4747973226,0.126241,4,manga,1,0.0,1.0,0.0,0.0,1,0,C:\Users\dark_\Downloads\Project_2 - Copy\Images\manga-8982-6103_0.fits,Images/manga-8982-6103_0.fits,ok
manga-8983-6102,205.182894265,25.9083558727,0.0312555,8,manga,2,0.0,0.0,1.0,0.0,0,1,C:\Users\dark_\Downloads\Project_2 - Copy\Images\manga-8983-6102_0.fits,Images/manga-8983-6102_0.fits,ok
manga-8983-9101,205.129395034,26.3073566696,0.0625643,4,manga,1,0.0,1.0,0.0,0.0,1,0,C:\Users\dark_\Downloads\Project_2 - Copy\Images\manga-8983-9101_0.fits,Images/manga-8983-9101_0.fits,ok
manga-8984-12704,203.937687741,27.8676047844,0.0270222,4,manga,1,0.0,1.0,0.0,0.0,1,0,C:\Users\dark_\Downloads\Project_2 - Copy\Images\manga-8984-12704_0.fits,Images/manga-8984-12704_0.fits,ok
manga-8984-12705,204.353484976,27.4192185178,0.0365577,4,manga,1,0.0,1.0,0.0,0.0,1,0,C:\Users\dark_\Downloads\Project_2 - Copy\Images\manga-8984-12705_0.fits,Images/manga-8984-12705_0.fits,ok
manga-8985-12703,204.554359244,32.8228438761,0.0245119,4,manga,1,0.0,1.0,0.0,0.0,1,0,C:\Users\dark_\Downloads\Project_2 - Copy\Images\manga-8985-12703_0.fits,Images/manga-8985-12703_0.fits,ok
manga-8985-9101,205.359440553,31.256181578,0.0603445,8,manga,2,0.0,0.0,1.0,0.0,0,1,C:\Users\dark_\Downloads\Project_2 - Copy\Images\manga-8985-9101_0.fits,Images/manga-8985-9101_0.fits,ok
manga-8985-9102,205.873396236,31.003217823,0.0647482,4,manga,1,0.0,1.0,0.0,0.0,1,0,C:\Users\dark_\Downloads\Project_2 - Copy\Images\manga-8985-9102_0.fits,Images/manga-8985-9102_0.fits,ok
manga-8986-1901,120.283098326,29.1480936991,0.0734562,8,manga,2,0.0,0.0,1.0,0.0,0,1,C:\Users\dark_\Downloads\Project_2 - Copy\Images\manga-8986-1901_0.fits,Images/manga-8986-1901_0.fits,ok
manga-8988-9101,185.66066758,41.2844318126,0.0873207,4,manga,1,0.0,1.0,0.0,0.0,1,0,C:\Users\dark_\Downloads\Project_2 - Copy\Images\manga-8988-9101_0.fits,Images/manga-8988-9101_0.fits,ok
manga-8989-3701,176.954356758,50.4053502186,0.0572063,4,manga,1,0.0,1.0,0.0,0.0,1,0,C:\Users\dark_\Downloads\Project_2 - Copy\Images\manga-8989-3701_0.fits,Images/manga-8989-3701_0.fits,ok
manga-8990-12703,174.246658556,50.2243301833,0.055466,4,manga,1,0.0,1.0,0.0,0.0,1,0,C:\Users\dark_\Downloads\Project_2 - Copy\Images\manga-8990-12703_0.fits,Images/manga-8990-12703_0.fits,ok
manga-8990-12705,173.537567139,49.2545623779,0.037232,8,manga,2,0.0,0.0,1.0,0.0,0,1,C:\Users\dark_\Downloads\Project_2 - Copy\Images\manga-8990-12705_0.fits,Images/manga-8990-12705_0.fits,ok
manga-8990-6102,173.679071279,49.0908236979,0.032755,8,manga,2,0.0,0.0,1.0,0.0,0,1,C:\Users\dark_\Downloads\Project_2 - Copy\Images\manga-8990-6102_0.fits,Images/manga-8990-6102_0.fits,ok
manga-8990-6103,174.727119751,49.6603597927,0.0228992,12,manga,3,0.0,0.0,0.0,1.0,1,1,C:\Users\dark_\Downloads\Project_2 - Copy\Images\manga-8990-6103_0.fits,Images/manga-8990-6103_0.fits,ok
manga-8992-3702,171.657261919,51.5730412626,0.0264158,4,manga,1,0.0,1.0,0.0,0.0,1,0,C:\Users\dark_\Downloads\Project_2 - Copy\Images\manga-8992-3702_0.fits,Images/manga-8992-3702_0.fits,ok
manga-8992-3704,173.487347605,51.2497782985,0.0260956,8,manga,2,0.0,0.0,1.0,0.0,0,1,C:\Users\dark_\Downloads\Project_2 - Copy\Images\manga-8992-3704_0.fits,Images/manga-8992-3704_0.fits,ok
manga-8993-12702,165.047451733,45.7378264728,0.037488,4,manga,1,0.0,1.0,0.0,0.0,1,0,C:\Users\dark_\Downloads\Project_2 - Copy\Images\manga-8993-12702_0.fits,Images/manga-8993-12702_0.fits,ok
manga-8995-12705,177.844535418,53.4441892852,0.0518427,4,manga,1,0.0,1.0,0.0,0.0,1,0,C:\Users\dark_\Downloads\Project_2 - Copy\Images\manga-8995-12705_0.fits,Images/manga-8995-12705_0.fits,ok
manga-8995-6104,176.508019645,55.4196192057,0.0526379,4,manga,1,0.0,1.0,0.0,0.0,1,0,C:\Users\dark_\Downloads\Project_2 - Copy\Images\manga-8995-6104_0.fits,Images/manga-8995-6104_0.fits,ok
manga-8996-9102,173.898574725,51.7585184922,0.0571871,4,manga,1,0.0,1.0,0.0,0.0,1,0,C:\Users\dark_\Downloads\Project_2 - Copy\Images\manga-8996-9102_0.fits,Images/manga-8996-9102_0.fits,ok
manga-8997-6102,170.859803262,51.719017951,0.0801084,8,manga,2,0.0,0.0,1.0,0.0,0,1,C:\Users\dark_\Downloads\Project_2 - Copy\Images\manga-8997-6102_0.fits,Images/manga-8997-6102_0.fits,ok
manga-8998-12705,163.663838261,47.8622818036,0.0728894,4,manga,1,0.0,1.0,0.0,0.0,1,0,C:\Users\dark_\Downloads\Project_2 - Copy\Images\manga-8998-12705_0.fits,Images/manga-8998-12705_0.fits,ok
manga-8999-6101,164.000484902,49.9529079988,0.0236191,4,manga,1,0.0,1.0,0.0,0.0,1,0,C:\Users\dark_\Downloads\Project_2 - Copy\Images\manga-8999-6101_0.fits,Images/manga-8999-6101_0.fits,ok
manga-9001-3704,169.388714235,51.2716169401,0.0276285,4,manga,1,0.0,1.0,0.0,0.0,1,0,C:\Users\dark_\Downloads\Project_2 - Copy\Images\manga-9001-3704_0.fits,Images/manga-9001-3704_0.fits,ok
manga-9001-6104,167.944631582,52.1174330619,0.0262639,4,manga,1,0.0,1.0,0.0,0.0,1,0,C:\Users\dark_\Downloads\Project_2 - Copy\Images\manga-9001-6104_0.fits,Images/manga-9001-6104_0.fits,ok
manga-9002-1901,223.612367837,30.9085092876,0.0305647,4,manga,1,0.0,1.0,0.0,0.0,1,0,C:\Users\dark_\Downloads\Project_2 - Copy\Images\manga-9002-1901_0.fits,Images/manga-9002-1901_0.fits,ok
manga-9024-12701,221.910822442,32.6023635164,0.088341,4,manga,1,0.0,1.0,0.0,0.0,1,0,C:\Users\dark_\Downloads\Project_2 - Copy\Images\manga-9024-12701_0.fits,Images/manga-9024-12701_0.fits,ok
manga-9025-6104,247.36126617,29.5411260226,0.0530449,4,manga,1,0.0,1.0,0.0,0.0,1,0,C:\Users\dark_\Downloads\Project_2 - Copy\Images\manga-9025-6104_0.fits,Images/manga-9025-6104_0.fits,ok
manga-9026-12705,251.458488506,43.8664730917,0.0338343,4,manga,1,0.0,1.0,0.0,0.0,1,0,C:\Users\dark_\Downloads\Project_2 - Copy\Images\manga-9026-12705_0.fits,Images/manga-9026-12705_0.fits,ok
manga-9026-9102,250.863614089,43.353180464,0.0312086,4,manga,1,0.0,1.0,0.0,0.0,1,0,C:\Users\dark_\Downloads\Project_2 - Copy\Images\manga-9026-9102_0.fits,Images/manga-9026-9102_0.fits,ok
manga-9027-12704,245.346646891,32.3490136493,0.034659,12,manga,3,0.0,0.0,0.0,1.0,1,1,C:\Users\dark_\Downloads\Project_2 - Copy\Images\manga-9027-12704_0.fits,Images/manga-9027-12704_0.fits,ok
manga-9028-12701,242.10095866,29.7548343494,0.0480689,4,manga,1,0.0,1.0,0.0,0.0,1,0,C:\Users\dark_\Downloads\Project_2 - Copy\Images\manga-9028-12701_0.fits,Images/manga-9028-12701_0.fits,ok
manga-9028-12702,242.975066254,30.332783222,0.0300649,4,manga,1,0.0,1.0,0.0,0.0,1,0,C:\Users\dark_\Downloads\Project_2 - Copy\Images\manga-9028-12702_0.fits,Images/manga-9028-12702_0.fits,ok
manga-9028-12704,243.615790912,29.9738333089,0.0339225,4,manga,1,0.0,1.0,0.0,0.0,1,0,C:\Users\dark_\Downloads\Project_2 - Copy\Images\manga-9028-12704_0.fits,Images/manga-9028-12704_0.fits,ok
manga-9028-9102,243.046924778,29.5741100762,0.0536403,8,manga,2,0.0,0.0,1.0,0.0,0,1,C:\Users\dark_\Downloads\Project_2 - Copy\Images\manga-9028-9102_0.fits,Images/manga-9028-9102_0.fits,ok
manga-9030-6103,242.863524824,29.7941225225,0.0522848,4,manga,1,0.0,1.0,0.0,0.0,1,0,C:\Users\dark_\Downloads\Project_2 - Copy\Images\manga-9030-6103_0.fits,Images/manga-9030-6103_0.fits,ok
manga-9031-12703,242.81921762,45.1213180675,0.0546778,8,manga,2,0.0,0.0,1.0,0.0,0,1,C:\Users\dark_\Downloads\Project_2 - Copy\Images\manga-9031-12703_0.fits,Images/manga-9031-12703_0.fits,ok
manga-9032-12701,240.475077822,31.8920616895,0.0449613,4,manga,1,0.0,1.0,0.0,0.0,1,0,C:\Users\dark_\Downloads\Project_2 - Copy\Images\manga-9032-12701_0.fits,Images/manga-9032-12701_0.fits,ok
manga-9032-12702,241.452769626,30.7170587416,0.0553885,4,manga,1,0.0,1.0,0.0,0.0,1,0,C:\Users\dark_\Downloads\Project_2 - Copy\Images\manga-9032-12702_0.fits,Images/manga-9032-12702_0.fits,ok
manga-9032-9101,239.940438398,31.2145068125,0.0725183,4,manga,1,0.0,1.0,0.0,0.0,1,0,C:\Users\dark_\Downloads\Project_2 - Copy\Images\manga-9032-9101_0.fits,Images/manga-9032-9101_0.fits,ok
manga-9033-12705,224.018183078,45.4052658652,0.0361875,4,manga,1,0.0,1.0,0.0,0.0,1,0,C:\Users\dark_\Downloads\Project_2 - Copy\Images\manga-9033-12705_0.fits,Images/manga-9033-12705_0.fits,ok
manga-9038-1901,237.379833316,41.9603166813,0.0339097,4,manga,1,0.0,1.0,0.0,0.0,1,0,C:\Users\dark_\Downloads\Project_2 - Copy\Images\manga-9038-1901_0.fits,Images/manga-9038-1901_0.fits,ok
manga-9040-3704,244.199916119,26.1291080514,0.0419779,4,manga,1,0.0,1.0,0.0,0.0,1,0,C:\Users\dark_\Downloads\Project_2 - Copy\Images\manga-9040-3704_0.fits,Images/manga-9040-3704_0.fits,ok
manga-9040-6101,243.694602427,26.5588514806,0.0328064,12,manga,3,0.0,0.0,0.0,1.0,1,1,C:\Users\dark_\Downloads\Project_2 - Copy\Images\manga-9040-6101_0.fits,Images/manga-9040-6101_0.fits,ok
manga-9041-12704,237.151493963,29.001901024,0.0962709,12,manga,3,0.0,0.0,0.0,1.0,1,1,C:\Users\dark_\Downloads\Project_2 - Copy\Images\manga-9041-12704_0.fits,Images/manga-9041-12704_0.fits,ok
manga-9043-6102,231.30472055,28.3594654889,0.0636008,4,manga,1,0.0,1.0,0.0,0.0,1,0,C:\Users\dark_\Downloads\Project_2 - Copy\Images\manga-9043-6102_0.fits,Images/manga-9043-6102_0.fits,ok
manga-9043-6104,232.213336275,29.0573223952,0.0694631,4,manga,1,0.0,1.0,0.0,0.0,1,0,C:\Users\dark_\Downloads\Project_2 - Copy\Images\manga-9043-6104_0.fits,Images/manga-9043-6104_0.fits,ok
manga-9046-12702,243.854957874,26.1103129227,0.032099,4,manga,1,0.0,1.0,0.0,0.0,1,0,C:\Users\dark_\Downloads\Project_2 - Copy\Images\manga-9046-12702_0.fits,Images/manga-9046-12702_0.fits,ok
manga-9046-6101,244.901149272,24.7286170046,0.103684,4,manga,1,0.0,1.0,0.0,0.0,1,0,C:\Users\dark_\Downloads\Project_2 - Copy\Images\manga-9046-6101_0.fits,Images/manga-9046-6101_0.fits,ok
manga-9047-12703,247.688425711,26.0952495416,0.0477255,4,manga,1,0.0,1.0,0.0,0.0,1,0,C:\Users\dark_\Downloads\Project_2 - Copy\Images\manga-9047-12703_0.fits,Images/manga-9047-12703_0.fits,ok
manga-9048-1901,244.379847416,24.2899266669,0.0667326,8,manga,2,0.0,0.0,1.0,0.0,0,1,C:\Users\dark_\Downloads\Project_2 - Copy\Images\manga-9048-1901_0.fits,Images/manga-9048-1901_0.fits,ok
manga-9049-12701,246.619645509,24.0257332973,0.0648295,4,manga,1,0.0,1.0,0.0,0.0,1,0,C:\Users\dark_\Downloads\Project_2 - Copy\Images\manga-9049-12701_0.fits,Images/manga-9049-12701_0.fits,ok
manga-9049-3701,248.348667665,24.7765778521,0.0410386,8,manga,2,0.0,0.0,1.0,0.0,0,1,C:\Users\dark_\Downloads\Project_2 - Copy\Images\manga-9049-3701_0.fits,Images/manga-9049-3701_0.fits,ok
manga-9050-9102,246.209997029,21.6138741605,0.0332953,8,manga,2,0.0,0.0,1.0,0.0,0,1,C:\Users\dark_\Downloads\Project_2 - Copy\Images\manga-9050-9102_0.fits,Images/manga-9050-9102_0.fits,ok
manga-9086-6104,242.898693893,24.0765990353,0.0313995,4,manga,1,0.0,1.0,0.0,0.0,1,0,C:\Users\dark_\Downloads\Project_2 - Copy\Images\manga-9086-6104_0.fits,Images/manga-9086-6104_0.fits,ok
manga-9087-12701,241.403363039,22.18640036,0.0399382,4,manga,1,0.0,1.0,0.0,0.0,1,0,C:\Users\dark_\Downloads\Project_2 - Copy\Images\manga-9087-12701_0.fits,Images/manga-9087-12701_0.fits,ok
manga-9087-3701,241.323420108,23.7556819614,0.0301625,8,manga,2,0.0,0.0,1.0,0.0,0,1,C:\Users\dark_\Downloads\Project_2 - Copy\Images\manga-9087-3701_0.fits,Images/manga-9087-3701_0.fits,ok
manga-9087-6101,241.193252563,21.9572505951,0.0400677,4,manga,1,0.0,1.0,0.0,0.0,1,0,C:\Users\dark_\Downloads\Project_2 - Copy\Images\manga-9087-6101_0.fits,Images/manga-9087-6101_0.fits,ok
manga-9089-6104,241.003920502,25.9553979465,0.0485758,4,manga,1,0.0,1.0,0.0,0.0,1,0,C:\Users\dark_\Downloads\Project_2 - Copy\Images\manga-9089-6104_0.fits,Images/manga-9089-6104_0.fits,ok
manga-9090-3702,242.570601621,29.1257651605,0.0321502,4,manga,1,0.0,1.0,0.0,0.0,1,0,C:\Users\dark_\Downloads\Project_2 - Copy\Images\manga-9090-3702_0.fits,Images/manga-9090-3702_0.fits,ok
manga-9091-12701,239.735837344,27.5108845096,0.0904399,4,manga,1,0.0,1.0,0.0,0.0,1,0,C:\Users\dark_\Downloads\Project_2 - Copy\Images\manga-9091-12701_0.fits,Images/manga-9091-12701_0.fits,ok
manga-9092-12705,240.976894471,25.0101167287,0.03315,4,manga,1,0.0,1.0,0.0,0.0,1,0,C:\Users\dark_\Downloads\Project_2 - Copy\Images\manga-9092-12705_0.fits,Images/manga-9092-12705_0.fits,ok
manga-9182-3703,121.272409223,40.1745641954,0.0500956,8,manga,2,0.0,0.0,1.0,0.0,0,1,C:\Users\dark_\Downloads\Project_2 - Copy\Images\manga-9182-3703_0.fits,Images/manga-9182-3703_0.fits,ok
manga-9183-12704,121.007599808,38.4882074038,0.0762452,8,manga,2,0.0,0.0,1.0,0.0,0,1,C:\Users\dark_\Downloads\Project_2 - Copy\Images\manga-9183-12704_0.fits,Images/manga-9183-12704_0.fits,ok
manga-9183-6101,122.08452395,39.0236299957,0.0224921,8,manga,2,0.0,0.0,1.0,0.0,0,1,C:\Users\dark_\Downloads\Project_2 - Copy\Images\manga-9183-6101_0.fits,Images/manga-9183-6101_0.fits,ok
manga-9183-6104,120.254241487,39.5696926933,0.0773568,4,manga,1,0.0,1.0,0.0,0.0,1,0,C:\Users\dark_\Downloads\Project_2 - Copy\Images\manga-9183-6104_0.fits,Images/manga-9183-6104_0.fits,ok
manga-9184-12701,119.799041719,31.8078742908,0.0591909,4,manga,1,0.0,1.0,0.0,0.0,1,0,C:\Users\dark_\Downloads\Project_2 - Copy\Images\manga-9184-12701_0.fits,Images/manga-9184-12701_0.fits,ok
manga-9184-12704,119.738336353,32.6122499726,0.0282786,4,manga,1,0.0,1.0,0.0,0.0,1,0,C:\Users\dark_\Downloads\Project_2 - Copy\Images\manga-9184-12704_0.fits,Images/manga-9184-12704_0.fits,ok
manga-9186-6101,257.553030469,30.3082104503,0.0306981,4,manga,1,0.0,1.0,0.0,0.0,1,0,C:\Users\dark_\Downloads\Project_2 - Copy\Images\manga-9186-6101_0.fits,Images/manga-9186-6101_0.fits,ok
manga-9186-9101,260.66638186,30.8812701774,0.0431087,4,manga,1,0.0,1.0,0.0,0.0,1,0,C:\Users\dark_\Downloads\Project_2 - Copy\Images\manga-9186-9101_0.fits,Images/manga-9186-9101_0.fits,ok
manga-9187-3701,310.69630042,-6.11228109136,0.069492,4,manga,1,0.0,1.0,0.0,0.0,1,0,C:\Users\dark_\Downloads\Project_2 - Copy\Images\manga-9187-3701_0.fits,Images/manga-9187-3701_0.fits,ok
manga-9188-3704,48.2675001154,-8.39856643059,0.0299167,8,manga,2,0.0,0.0,1.0,0.0,0,1,C:\Users\dark_\Downloads\Project_2 - Copy\Images\manga-9188-3704_0.fits,Images/manga-9188-3704_0.fits,ok
manga-9190-9101,53.4073001262,-7.28883236844,0.0553143,8,manga,2,0.0,0.0,1.0,0.0,0,1,C:\Users\dark_\Downloads\Project_2 - Copy\Images\manga-9190-9101_0.fits,Images/manga-9190-9101_0.fits,ok
manga-9192-12702,45.2148475708,0.807398968541,0.0435162,4,manga,1,0.0,1.0,0.0,0.0,1,0,C:\Users\dark_\Downloads\Project_2 - Copy\Images\manga-9192-12702_0.fits,Images/manga-9192-12702_0.fits,ok
manga-9194-6101,46.7170694138,-0.896544995426,0.0840432,4,manga,1,0.0,1.0,0.0,0.0,1,0,C:\Users\dark_\Downloads\Project_2 - Copy\Images\manga-9194-6101_0.fits,Images/manga-9194-6101_0.fits,ok
manga-9195-12702,28.3757033338,14.57094903,0.134997,4,manga,1,0.0,1.0,0.0,0.0,1,0,C:\Users\dark_\Downloads\Project_2 - Copy\Images\manga-9195-12702_0.fits,Images/manga-9195-12702_0.fits,ok
manga-9195-3704,28.1850476804,13.1925503037,0.0261784,4,manga,1,0.0,1.0,0.0,0.0,1,0,C:\Users\dark_\Downloads\Project_2 - Copy\Images\manga-9195-3704_0.fits,Images/manga-9195-3704_0.fits,ok
manga-9196-12701,260.126453553,52.6430405566,0.0309348,4,manga,1,0.0,1.0,0.0,0.0,1,0,C:\Users\dark_\Downloads\Project_2 - Copy\Images\manga-9196-12701_0.fits,Images/manga-9196-12701_0.fits,ok
manga-9196-1902,261.10511407,53.5179199547,0.024214,4,manga,1,0.0,1.0,0.0,0.0,1,0,C:\Users\dark_\Downloads\Project_2 - Copy\Images\manga-9196-1902_0.fits,Images/manga-9196-1902_0.fits,ok
manga-9196-3703,262.38908157,54.3098600071,0.0828806,12,manga,3,0.0,0.0,0.0,1.0,1,1,C:\Users\dark_\Downloads\Project_2 - Copy\Images\manga-9196-3703_0.fits,Images/manga-9196-3703_0.fits,ok
manga-9484-12703,120.674558679,34.9446437099,0.031806,4,manga,1,0.0,1.0,0.0,0.0,1,0,C:\Users\dark_\Downloads\Project_2 - Copy\Images\manga-9484-12703_0.fits,Images/manga-9484-12703_0.fits,ok
manga-9484-3701,118.917362877,33.706038417,0.046132,4,manga,1,0.0,1.0,0.0,0.0,1,0,C:\Users\dark_\Downloads\Project_2 - Copy\Images\manga-9484-3701_0.fits,Images/manga-9484-3701_0.fits,ok
manga-9484-3702,118.855331262,35.1102360794,0.0716154,4,manga,1,0.0,1.0,0.0,0.0,1,0,C:\Users\dark_\Downloads\Project_2 - Copy\Images\manga-9484-3702_0.fits,Images/manga-9484-3702_0.fits,ok
manga-9485-6104,121.273000921,37.6255983907,0.0328443,4,manga,1,0.0,1.0,0.0,0.0,1,0,C:\Users\dark_\Downloads\Project_2 - Copy\Images\manga-9485-6104_0.fits,Images/manga-9485-6104_0.fits,ok
manga-9486-3704,122.052016901,39.6603945468,0.0129214,4,manga,1,0.0,1.0,0.0,0.0,1,0,C:\Users\dark_\Downloads\Project_2 - Copy\Images\manga-9486-3704_0.fits,Images/manga-9486-3704_0.fits,ok
manga-9486-6102,122.380643684,39.801879834,0.063881,4,manga,1,0.0,1.0,0.0,0.0,1,0,C:\Users\dark_\Downloads\Project_2 - Copy\Images\manga-9486-6102_0.fits,Images/manga-9486-6102_0.fits,ok
manga-9487-12703,125.088545586,45.5343625258,0.0541325,4,manga,1,0.0,1.0,0.0,0.0,1,0,C:\Users\dark_\Downloads\Project_2 - Copy\Images\manga-9487-12703_0.fits,Images/manga-9487-12703_0.fits,ok
manga-9487-12704,123.686398283,46.4149752823,0.0493048,4,manga,1,0.0,1.0,0.0,0.0,1,0,C:\Users\dark_\Downloads\Project_2 - Copy\Images\manga-9487-12704_0.fits,Images/manga-9487-12704_0.fits,ok
manga-9487-3702,123.330544326,46.1471565611,0.053819,8,manga,2,0.0,0.0,1.0,0.0,0,1,C:\Users\dark_\Downloads\Project_2 - Copy\Images\manga-9487-3702_0.fits,Images/manga-9487-3702_0.fits,ok
manga-9487-9101,123.571196537,46.0103315294,0.0498747,4,manga,1,0.0,1.0,0.0,0.0,1,0,C:\Users\dark_\Downloads\Project_2 - Copy\Images\manga-9487-9101_0.fits,Images/manga-9487-9101_0.fits,ok
manga-9489-6104,126.084373358,20.5332420155,0.0199314,12,manga,3,0.0,0.0,0.0,1.0,1,1,C:\Users\dark_\Downloads\Project_2 - Copy\Images\manga-9489-6104_0.fits,Images/manga-9489-6104_0.fits,ok
manga-9491-3702,118.904235852,19.1550346256,0.0411611,4,manga,1,0.0,1.0,0.0,0.0,1,0,C:\Users\dark_\Downloads\Project_2 - Copy\Images\manga-9491-3702_0.fits,Images/manga-9491-3702_0.fits,ok
manga-9492-9102,118.213683676,17.5600189237,0.0158754,8,manga,2,0.0,0.0,1.0,0.0,0,1,C:\Users\dark_\Downloads\Project_2 - Copy\Images\manga-9492-9102_0.fits,Images/manga-9492-9102_0.fits,ok
manga-9499-3702,119.405856038,25.2211325436,0.0274299,8,manga,2,0.0,0.0,1.0,0.0,0,1,C:\Users\dark_\Downloads\Project_2 - Copy\Images\manga-9499-3702_0.fits,Images/manga-9499-3702_0.fits,ok
manga-9499-6101,118.071090698,25.6690807343,0.0453547,4,manga,1,0.0,1.0,0.0,0.0,1,0,C:\Users\dark_\Downloads\Project_2 - Copy\Images\manga-9499-6101_0.fits,Images/manga-9499-6101_0.fits,ok
manga-9500-12704,131.982539536,25.8316711264,0.0188408,8,manga,2,0.0,0.0,1.0,0.0,0,1,C:\Users\dark_\Downloads\Project_2 - Copy\Images\manga-9500-12704_0.fits,Images/manga-9500-12704_0.fits,ok
manga-9500-9101,131.244455934,25.7392809331,0.0393806,8,manga,2,0.0,0.0,1.0,0.0,0,1,C:\Users\dark_\Downloads\Project_2 - Copy\Images\manga-9500-9101_0.fits,Images/manga-9500-9101_0.fits,ok
manga-9502-3704,129.49546279,25.0487808569,0.0279657,4,manga,1,0.0,1.0,0.0,0.0,1,0,C:\Users\dark_\Downloads\Project_2 - Copy\Images\manga-9502-3704_0.fits,Images/manga-9502-3704_0.fits,ok
manga-9503-3701,119.97734353,24.0113327007,0.0469578,4,manga,1,0.0,1.0,0.0,0.0,1,0,C:\Users\dark_\Downloads\Project_2 - Copy\Images\manga-9503-3701_0.fits,Images/manga-9503-3701_0.fits,ok
manga-9503-6101,121.250071246,23.9499392383,0.0559378,8,manga,2,0.0,0.0,1.0,0.0,0,1,C:\Users\dark_\Downloads\Project_2 - Copy\Images\manga-9503-6101_0.fits,Images/manga-9503-6101_0.fits,ok
manga-9503-6102,120.9966842,23.7556666429,0.0293812,4,manga,1,0.0,1.0,0.0,0.0,1,0,C:\Users\dark_\Downloads\Project_2 - Copy\Images\manga-9503-6102_0.fits,Images/manga-9503-6102_0.fits,ok
manga-9506-12701,132.586475426,27.3392330288,0.098437,4,manga,1,0.0,1.0,0.0,0.0,1,0,C:\Users\dark_\Downloads\Project_2 - Copy\Images\manga-9506-12701_0.fits,Images/manga-9506-12701_0.fits,ok
manga-9506-6102,133.759843218,26.6753462682,0.0273674,4,manga,1,0.0,1.0,0.0,0.0,1,0,C:\Users\dark_\Downloads\Project_2 - Copy\Images\manga-9506-6102_0.fits,Images/manga-9506-6102_0.fits,ok
manga-9506-9101,133.58893998,27.1672261424,0.0849579,4,manga,1,0.0,1.0,0.0,0.0,1,0,C:\Users\dark_\Downloads\Project_2 - Copy\Images\manga-9506-9101_0.fits,Images/manga-9506-9101_0.fits,ok
manga-9507-12702,128.494561948,26.1067972709,0.0586735,4,manga,1,0.0,1.0,0.0,0.0,1,0,C:\Users\dark_\Downloads\Project_2 - Copy\Images\manga-9507-12702_0.fits,Images/manga-9507-12702_0.fits,ok
manga-9507-12703,128.622022349,27.4298486443,0.129637,8,manga,2,0.0,0.0,1.0,0.0,0,1,C:\Users\dark_\Downloads\Project_2 - Copy\Images\manga-9507-12703_0.fits,Images/manga-9507-12703_0.fits,ok
manga-9507-9102,128.753560042,26.0573359726,0.058652,8,manga,2,0.0,0.0,1.0,0.0,0,1,C:\Users\dark_\Downloads\Project_2 - Copy\Images\manga-9507-9102_0.fits,Images/manga-9507-9102_0.fits,ok
manga-9509-3704,122.735620823,25.6847130209,0.0254099,8,manga,2,0.0,0.0,1.0,0.0,0,1,C:\Users\dark_\Downloads\Project_2 - Copy\Images\manga-9509-3704_0.fits,Images/manga-9509-3704_0.fits,ok
manga-9511-12702,130.042707586,4.28198408624,0.0503201,4,manga,1,0.0,1.0,0.0,0.0,1,0,C:\Users\dark_\Downloads\Project_2 - Copy\Images\manga-9511-12702_0.fits,Images/manga-9511-12702_0.fits,ok
manga-9511-12704,129.312117485,4.69587606312,0.0469711,4,manga,1,0.0,1.0,0.0,0.0,1,0,C:\Users\dark_\Downloads\Project_2 - Copy\Images\manga-9511-12704_0.fits,Images/manga-9511-12704_0.fits,ok
manga-9511-1901,128.911633931,4.7570600323,0.0140503,12,manga,3,0.0,0.0,0.0,1.0,1,1,C:\Users\dark_\Downloads\Project_2 - Copy\Images\manga-9511-1901_0.fits,Images/manga-9511-1901_0.fits,ok
manga-9511-3701,129.128546526,4.03766396821,0.0290044,8,manga,2,0.0,0.0,1.0,0.0,0,1,C:\Users\dark_\Downloads\Project_2 - Copy\Images\manga-9511-3701_0.fits,Images/manga-9511-3701_0.fits,ok
manga-9512-6102,139.357446976,1.28834321419,0.0555551,12,manga,3,0.0,0.0,0.0,1.0,1,1,C:\Users\dark_\Downloads\Project_2 - Copy\Images\manga-9512-6102_0.fits,Images/manga-9512-6102_0.fits,ok
manga-9513-3703,31.3456927493,14.156854678,0.0862395,4,manga,1,0.0,1.0,0.0,0.0,1,0,C:\Users\dark_\Downloads\Project_2 - Copy\Images\manga-9513-3703_0.fits,Images/manga-9513-3703_0.fits,ok
manga-9514-12704,32.9040042262,14.5125674621,0.0262541,4,manga,1,0.0,1.0,0.0,0.0,1,0,C:\Users\dark_\Downloads\Project_2 - Copy\Images\manga-9514-12704_0.fits,Images/manga-9514-12704_0.fits,ok
manga-9514-9101,31.6827355216,13.3716289407,0.0605542,4,manga,1,0.0,1.0,0.0,0.0,1,0,C:\Users\dark_\Downloads\Project_2 - Copy\Images\manga-9514-9101_0.fits,Images/manga-9514-9101_0.fits,ok
manga-9866-3704,243.730039636,31.8163481635,0.0590298,8,manga,2,0.0,0.0,1.0,0.0,0,1,C:\Users\dark_\Downloads\Project_2 - Copy\Images\manga-9866-3704_0.fits,Images/manga-9866-3704_0.fits,ok
manga-9866-6104,243.734145251,33.0626375602,0.0326276,8,manga,2,0.0,0.0,1.0,0.0,0,1,C:\Users\dark_\Downloads\Project_2 - Copy\Images\manga-9866-6104_0.fits,Images/manga-9866-6104_0.fits,ok
manga-9869-9101,246.591343199,40.9118371658,0.0295139,4,manga,1,0.0,1.0,0.0,0.0,1,0,C:\Users\dark_\Downloads\Project_2 - Copy\Images\manga-9869-9101_0.fits,Images/manga-9869-9101_0.fits,ok
manga-9872-3704,234.127669317,41.1747630773,0.0547385,8,manga,2,0.0,0.0,1.0,0.0,0,1,C:\Users\dark_\Downloads\Project_2 - Copy\Images\manga-9872-3704_0.fits,Images/manga-9872-3704_0.fits,ok
manga-9872-9101,233.115235694,41.8117859622,0.0415867,8,manga,2,0.0,0.0,1.0,0.0,0,1,C:\Users\dark_\Downloads\Project_2 - Copy\Images\manga-9872-9101_0.fits,Images/manga-9872-9101_0.fits,ok
manga-9877-12701,194.146628736,28.2754542627,0.0243342,4,manga,1,0.0,1.0,0.0,0.0,1,0,C:\Users\dark_\Downloads\Project_2 - Copy\Images\manga-9877-12701_0.fits,Images/manga-9877-12701_0.fits,ok
manga-9877-9102,194.340601346,27.8804301465,0.0248089,4,manga,1,0.0,1.0,0.0,0.0,1,0,C:\Users\dark_\Downloads\Project_2 - Copy\Images\manga-9877-9102_0.fits,Images/manga-9877-9102_0.fits,ok
manga-9878-12705,202.754846269,25.9255666821,0.065239,4,manga,1,0.0,1.0,0.0,0.0,1,0,C:\Users\dark_\Downloads\Project_2 - Copy\Images\manga-9878-12705_0.fits,Images/manga-9878-12705_0.fits,ok
manga-9879-6102,197.006915793,26.7653864079,0.0340639,4,manga,1,0.0,1.0,0.0,0.0,1,0,C:\Users\dark_\Downloads\Project_2 - Copy\Images\manga-9879-6102_0.fits,Images/manga-9879-6102_0.fits,ok
manga-9881-12704,205.326216402,24.4962006646,0.0268563,4,manga,1,0.0,1.0,0.0,0.0,1,0,C:\Users\dark_\Downloads\Project_2 - Copy\Images\manga-9881-12704_0.fits,Images/manga-9881-12704_0.fits,ok
manga-9881-12705,205.373570269,23.1669644206,0.030694,4,manga,1,0.0,1.0,0.0,0.0,1,0,C:\Users\dark_\Downloads\Project_2 - Copy\Images\manga-9881-12705_0.fits,Images/manga-9881-12705_0.fits,ok
manga-9881-3702,203.81165409,25.044752109,0.0260925,8,manga,2,0.0,0.0,1.0,0.0,0,1,C:\Users\dark_\Downloads\Project_2 - Copy\Images\manga-9881-3702_0.fits,Images/manga-9881-3702_0.fits,ok
manga-9881-6101,205.543171514,24.5579164178,0.0606026,8,manga,2,0.0,0.0,1.0,0.0,0,1,C:\Users\dark_\Downloads\Project_2 - Copy\Images\manga-9881-6101_0.fits,Images/manga-9881-6101_0.fits,ok
manga-9881-6102,205.213158666,24.4733117249,0.0270449,4,manga,1,0.0,1.0,0.0,0.0,1,0,C:\Users\dark_\Downloads\Project_2 - Copy\Images\manga-9881-6102_0.fits,Images/manga-9881-6102_0.fits,ok
manga-9882-6102,206.658532827,23.1961145891,0.0272068,4,manga,1,0.0,1.0,0.0,0.0,1,0,C:\Users\dark_\Downloads\Project_2 - Copy\Images\manga-9882-6102_0.fits,Images/manga-9882-6102_0.fits,ok
manga-9883-3703,256.462065058,32.975386513,0.0313922,4,manga,1,0.0,1.0,0.0,0.0,1,0,C:\Users\dark_\Downloads\Project_2 - Copy\Images\manga-9883-3703_0.fits,Images/manga-9883-3703_0.fits,ok
manga-9884-6101,204.550586335,52.4295050825,0.0573472,4,manga,1,0.0,1.0,0.0,0.0,1,0,C:\Users\dark_\Downloads\Project_2 - Copy\Images\manga-9884-6101_0.fits,Images/manga-9884-6101_0.fits,ok
manga-9887-12705,238.17895764,28.3017117846,0.0748527,4,manga,1,0.0,1.0,0.0,0.0,1,0,C:\Users\dark_\Downloads\Project_2 - Copy\Images\manga-9887-12705_0.fits,Images/manga-9887-12705_0.fits,ok
manga-9887-3704,238.280465218,27.7109300993,0.0819316,8,manga,2,0.0,0.0,1.0,0.0,0,1,C:\Users\dark_\Downloads\Project_2 - Copy\Images\manga-9887-3704_0.fits,Images/manga-9887-3704_0.fits,ok
manga-9888-12701,235.475823161,28.1339793885,0.0332197,4,manga,1,0.0,1.0,0.0,0.0,1,0,C:\Users\dark_\Downloads\Project_2 - Copy\Images\manga-9888-12701_0.fits,Images/manga-9888-12701_0.fits,ok
manga-9890-6101,233.654226384,30.5822837219,0.055455,8,manga,2,0.0,0.0,1.0,0.0,0,1,C:\Users\dark_\Downloads\Project_2 - Copy\Images\manga-9890-6101_0.fits,Images/manga-9890-6101_0.fits,ok
manga-9892-12704,247.866321462,25.1082447985,0.0630762,4,manga,1,0.0,1.0,0.0,0.0,1,0,C:\Users\dark_\Downloads\Project_2 - Copy\Images\manga-9892-12704_0.fits,Images/manga-9892-12704_0.fits,ok
manga-9892-3704,248.277392263,23.19920859,0.0387585,4,manga,1,0.0,1.0,0.0,0.0,1,0,C:\Users\dark_\Downloads\Project_2 - Copy\Images\manga-9892-3704_0.fits,Images/manga-9892-3704_0.fits,ok
manga-9894-12702,251.314269968,19.6621995364,0.054519,8,manga,2,0.0,0.0,1.0,0.0,0,1,C:\Users\dark_\Downloads\Project_2 - Copy\Images\manga-9894-12702_0.fits,Images/manga-9894-12702_0.fits,ok
manga-9894-12704,251.096178525,20.4130047877,0.0609603,4,manga,1,0.0,1.0,0.0,0.0,1,0,C:\Users\dark_\Downloads\Project_2 - Copy\Images\manga-9894-12704_0.fits,Images/manga-9894-12704_0.fits,ok
